timestamp,77° or below,78° to 79°,80° to 81°,82° to 83°,84° to 85°,86° or above
2026-04-23T14:01:00Z,,15.00,,,,
2026-04-23T14:02:00Z,4.00,9.06,,,,
2026-04-23T14:03:00Z,4.00,12.90,31.93,,,
2026-04-23T14:04:00Z,4.00,7.00,31.93,35.16,30.00,
2026-04-23T14:05:00Z,4.00,6.33,31.93,39.00,30.00,
2026-04-23T14:06:00Z,3.97,7.86,31.93,35.20,20.00,3.00
2026-04-23T14:07:00Z,4.00,11.42,30.00,35.20,20.00,29.00
2026-04-23T14:08:00Z,4.00,8.00,30.00,29.00,10.52,29.00
2026-04-23T14:09:00Z,4.00,8.00,26.00,29.00,10.00,29.00
2026-04-23T14:10:00Z,4.00,8.00,24.00,29.00,10.00,29.00
2026-04-23T14:11:00Z,4.00,7.00,25.00,34.54,12.50,8.78
2026-04-23T14:12:00Z,4.00,7.00,25.00,34.54,17.00,2.00
2026-04-23T14:13:00Z,4.00,7.00,26.00,38.43,17.87,2.00
2026-04-23T14:14:00Z,4.00,7.00,31.00,43.47,17.00,2.00
2026-04-23T14:15:00Z,4.00,7.00,31.00,42.00,17.00,2.00
2026-04-23T14:16:00Z,4.00,4.00,32.00,42.18,15.00,2.00
2026-04-23T14:17:00Z,4.00,4.00,32.00,42.18,15.00,2.00
2026-04-23T14:18:00Z,4.00,4.00,32.00,42.18,15.00,2.00
2026-04-23T14:19:00Z,4.00,4.00,25.00,42.18,15.00,2.00
2026-04-23T14:20:00Z,4.00,4.00,32.00,45.00,15.00,2.00
2026-04-23T14:23:00Z,3.00,4.00,32.00,45.00,15.00,2.00
2026-04-23T14:24:00Z,3.00,6.00,31.23,42.00,15.00,2.00
2026-04-23T14:25:00Z,3.00,4.00,31.23,42.00,15.00,2.00
2026-04-23T14:26:00Z,3.00,4.00,31.23,42.00,15.00,2.00
2026-04-23T14:27:00Z,3.00,4.00,33.00,42.00,15.00,2.00
2026-04-23T14:28:00Z,3.00,6.00,33.00,42.00,15.00,2.00
2026-04-23T14:29:00Z,3.00,6.00,34.00,42.00,15.00,2.00
2026-04-23T14:30:00Z,4.00,6.00,34.00,42.00,15.00,2.00
2026-04-23T14:31:00Z,3.00,7.00,34.00,42.00,14.00,2.00
2026-04-23T14:32:00Z,3.00,7.00,35.00,38.00,14.00,2.00
2026-04-23T14:33:00Z,3.00,7.00,35.00,38.00,14.00,2.00
2026-04-23T14:35:00Z,3.00,7.00,35.00,38.00,15.00,3.00
2026-04-23T14:37:00Z,3.00,7.00,35.00,39.00,15.00,3.00
2026-04-23T14:39:00Z,4.00,7.00,35.00,43.00,13.00,6.00
2026-04-23T14:40:00Z,4.00,7.00,35.00,43.00,13.00,6.00
2026-04-23T14:41:00Z,4.00,7.00,28.00,43.00,13.00,6.00
2026-04-23T14:42:00Z,4.00,7.00,28.00,43.00,13.00,6.00
2026-04-23T14:44:00Z,4.00,7.00,34.00,46.00,13.00,6.00
2026-04-23T14:45:00Z,4.00,7.00,34.00,46.00,13.00,6.00
2026-04-23T14:47:00Z,4.00,7.00,34.00,46.00,13.00,6.00
2026-04-23T14:48:00Z,4.00,6.00,34.00,46.00,13.00,6.00
2026-04-23T14:49:00Z,3.00,6.00,34.00,46.00,13.00,6.00
2026-04-23T14:50:00Z,3.00,6.00,34.00,47.75,13.00,6.00
2026-04-23T14:51:00Z,3.00,6.00,34.00,48.00,12.00,6.00
2026-04-23T14:52:00Z,4.00,6.00,34.00,48.00,12.00,6.00
2026-04-23T14:54:00Z,4.00,6.00,34.00,47.00,12.00,6.00
2026-04-23T14:55:00Z,3.00,6.00,34.00,47.00,12.00,6.00
2026-04-23T14:58:00Z,3.00,6.00,34.00,43.00,12.00,6.00
2026-04-23T14:59:00Z,4.00,6.00,34.00,43.00,12.00,6.00
2026-04-23T15:02:00Z,4.00,6.00,34.00,42.00,12.11,6.00
2026-04-23T15:03:00Z,4.00,7.00,34.00,42.00,12.11,6.00
2026-04-23T15:04:00Z,4.00,7.00,34.00,42.00,12.11,6.00
2026-04-23T15:05:00Z,4.00,7.00,34.00,43.00,12.11,6.00
2026-04-23T15:07:00Z,4.00,4.00,34.00,43.00,12.11,6.00
2026-04-23T15:11:00Z,4.00,4.00,34.00,43.00,12.11,6.00
2026-04-23T15:12:00Z,4.00,4.00,33.00,43.00,12.11,6.00
2026-04-23T15:14:00Z,4.00,4.00,33.00,43.00,12.11,6.00
2026-04-23T15:17:00Z,2.72,4.00,33.00,43.00,12.11,6.00
2026-04-23T15:19:00Z,4.00,4.00,33.00,43.00,12.00,6.00
2026-04-23T15:20:00Z,4.00,4.00,33.00,43.00,12.00,6.00
2026-04-23T15:21:00Z,2.00,4.00,33.00,43.00,12.00,6.00
2026-04-23T15:22:00Z,3.00,4.00,33.00,43.00,12.00,6.00
2026-04-23T15:23:00Z,3.00,4.00,33.00,43.00,12.00,5.00
2026-04-23T15:25:00Z,3.00,4.00,33.00,44.00,12.00,5.00
2026-04-23T15:26:00Z,3.00,4.00,32.00,44.00,12.00,4.00
2026-04-23T15:29:00Z,3.00,4.00,32.00,44.00,12.00,4.00
2026-04-23T15:30:00Z,3.00,4.00,33.00,44.00,12.00,4.00
2026-04-23T15:31:00Z,3.00,3.00,33.00,44.00,12.00,4.00
2026-04-23T15:32:00Z,3.00,3.00,33.00,44.00,12.00,4.00
2026-04-23T15:36:00Z,2.00,4.00,33.00,44.00,12.00,4.00
2026-04-23T15:38:00Z,2.00,4.00,33.00,42.00,12.00,4.00
2026-04-23T15:39:00Z,2.00,4.00,33.00,42.72,12.00,4.00
2026-04-23T15:45:00Z,2.00,4.00,32.00,42.72,12.00,4.00
2026-04-23T15:55:00Z,2.00,4.00,33.00,44.00,12.00,4.00
2026-04-23T15:59:00Z,2.00,4.00,33.00,44.00,12.00,4.00
2026-04-23T16:01:00Z,2.90,4.00,33.00,44.00,12.00,3.00
2026-04-23T16:02:00Z,2.90,4.00,33.00,44.00,12.00,3.00
2026-04-23T16:03:00Z,2.90,4.00,33.00,44.00,12.00,3.00
2026-04-23T16:05:00Z,2.90,4.00,33.00,44.00,12.00,3.00
2026-04-23T16:07:00Z,2.90,4.00,33.00,44.00,12.00,5.00
2026-04-23T16:09:00Z,2.90,4.00,33.00,44.00,12.00,5.00
2026-04-23T16:13:00Z,2.90,4.00,33.00,44.00,12.00,5.00
2026-04-23T16:18:00Z,2.90,4.00,33.00,44.00,12.00,5.00
2026-04-23T16:19:00Z,2.90,4.00,33.00,43.00,12.00,5.00
2026-04-23T16:21:00Z,2.90,4.00,33.00,43.00,12.00,5.00
2026-04-23T16:23:00Z,2.90,4.00,33.00,43.00,12.00,5.00
2026-04-23T16:27:00Z,2.00,4.00,33.00,43.00,12.00,3.00
2026-04-23T16:29:00Z,2.00,4.00,33.00,43.39,12.00,3.00
2026-04-23T16:31:00Z,2.00,4.00,33.00,42.00,12.00,3.00
2026-04-23T16:40:00Z,2.00,4.00,33.00,42.00,12.00,3.00
2026-04-23T16:41:00Z,2.00,4.00,32.65,42.00,12.00,3.00
2026-04-23T16:42:00Z,2.00,4.00,30.21,42.00,12.00,3.00
2026-04-23T16:46:00Z,2.00,4.00,31.00,42.00,12.00,3.00
2026-04-23T16:52:00Z,2.00,4.00,31.00,43.00,12.00,2.00
2026-04-23T16:55:00Z,2.00,4.00,31.00,43.00,12.00,2.00
2026-04-23T16:56:00Z,2.00,4.00,31.00,43.00,12.00,2.00
2026-04-23T16:58:00Z,2.00,3.00,31.00,43.00,12.00,2.00
2026-04-23T17:01:00Z,3.11,3.00,31.00,43.00,12.00,2.00
2026-04-23T17:02:00Z,3.00,3.00,31.00,43.00,12.00,2.00
2026-04-23T17:03:00Z,3.00,3.00,31.00,43.00,12.00,2.00
2026-04-23T17:05:00Z,3.00,4.00,31.00,43.00,12.00,2.00
2026-04-23T17:07:00Z,3.00,4.00,31.00,43.00,12.00,2.00
2026-04-23T17:10:00Z,3.00,4.00,31.00,44.00,12.00,2.00
2026-04-23T17:17:00Z,3.00,4.00,31.00,44.00,12.00,2.00
2026-04-23T17:21:00Z,3.00,4.00,31.00,43.00,12.00,2.00
2026-04-23T17:22:00Z,3.00,4.00,31.00,43.00,12.00,2.00
2026-04-23T17:27:00Z,3.00,4.00,31.00,43.00,12.00,2.00
2026-04-23T17:33:00Z,4.00,4.00,31.00,43.00,12.00,2.00
2026-04-23T17:35:00Z,4.00,4.00,30.00,43.00,12.00,2.00
2026-04-23T17:36:00Z,4.00,6.94,32.00,43.00,11.25,2.00
2026-04-23T17:42:00Z,4.00,6.94,34.00,43.00,11.25,2.00
2026-04-23T17:43:00Z,4.00,6.94,34.00,43.00,11.25,2.00
2026-04-23T17:50:00Z,4.00,6.94,34.00,43.00,11.25,2.00
2026-04-23T17:53:00Z,3.76,6.94,34.00,43.00,11.25,2.00
2026-04-23T17:54:00Z,3.76,6.94,38.00,43.00,11.25,2.00
2026-04-23T17:56:00Z,3.76,6.94,38.00,38.00,10.00,2.00
2026-04-23T18:00:00Z,3.76,6.94,38.00,38.00,10.00,2.00
2026-04-23T18:01:00Z,4.00,7.99,38.00,38.00,10.00,2.00
2026-04-23T18:02:00Z,4.00,7.99,35.58,38.00,10.00,2.00
2026-04-23T18:03:00Z,4.55,7.99,36.79,35.70,10.00,2.00
2026-04-23T18:06:00Z,3.00,7.99,36.79,35.70,10.00,2.00
2026-04-23T18:07:00Z,3.00,7.99,38.00,35.70,10.00,2.00
2026-04-23T18:08:00Z,3.00,7.99,38.00,35.70,10.00,2.00
2026-04-23T18:10:00Z,5.00,7.99,37.27,35.70,10.00,2.00
2026-04-23T18:11:00Z,4.00,8.00,37.27,34.88,10.00,2.00
2026-04-23T18:12:00Z,4.00,8.00,37.27,38.00,10.00,2.00
2026-04-23T18:14:00Z,5.00,8.00,39.00,38.55,10.00,2.00
2026-04-23T18:16:00Z,5.00,8.00,39.00,35.00,10.00,2.00
2026-04-23T18:18:00Z,5.00,8.00,39.00,35.00,10.00,2.00
2026-04-23T18:19:00Z,5.00,8.00,39.00,38.00,10.00,2.00
2026-04-23T18:20:00Z,5.00,8.00,40.00,38.00,10.00,2.00
2026-04-23T18:24:00Z,5.00,8.00,40.00,38.00,10.00,2.00
2026-04-23T18:29:00Z,5.00,8.00,40.00,39.26,10.00,2.00
2026-04-23T18:31:00Z,5.00,8.00,40.00,39.26,10.00,2.00
2026-04-23T18:32:00Z,5.00,8.00,40.00,39.26,9.00,2.00
2026-04-23T18:33:00Z,5.00,8.00,38.00,39.26,9.00,2.00
2026-04-23T18:34:00Z,6.00,8.00,38.00,39.26,9.00,2.00
2026-04-23T18:35:00Z,6.00,8.00,38.00,39.26,9.00,2.00
2026-04-23T18:36:00Z,6.00,9.00,38.00,39.26,9.00,2.00
2026-04-23T18:38:00Z,5.00,10.00,38.00,39.26,9.00,2.00
2026-04-23T18:41:00Z,5.00,9.99,38.00,39.26,9.00,2.00
2026-04-23T18:45:00Z,6.00,9.00,37.00,41.00,9.00,2.00
2026-04-23T18:50:00Z,5.00,9.00,37.00,41.00,9.00,2.00
2026-04-23T18:52:00Z,5.00,9.00,37.00,41.00,9.00,2.00
2026-04-23T18:53:00Z,5.00,9.00,37.00,41.00,9.00,2.00
2026-04-23T18:58:00Z,5.00,9.00,37.00,41.00,9.00,2.00
2026-04-23T19:02:00Z,5.00,10.00,38.00,41.00,9.00,2.00
2026-04-23T19:03:00Z,5.00,10.00,38.00,41.00,9.00,2.00
2026-04-23T19:06:00Z,5.00,9.00,38.99,41.72,9.00,2.00
2026-04-23T19:07:00Z,5.00,9.00,38.99,41.72,7.00,2.00
2026-04-23T19:08:00Z,5.00,9.00,38.99,41.72,7.00,2.00
2026-04-23T19:14:00Z,5.00,9.00,38.99,41.72,9.53,2.00
2026-04-23T19:15:00Z,5.00,9.00,38.99,41.72,9.53,2.00
2026-04-23T19:16:00Z,6.00,9.00,38.99,41.72,9.53,2.00
2026-04-23T19:19:00Z,6.00,9.00,38.99,41.00,9.53,2.00
2026-04-23T19:29:00Z,6.00,10.00,38.99,41.00,9.53,2.00
2026-04-23T19:32:00Z,6.00,9.00,38.99,41.00,9.53,2.00
2026-04-23T19:40:00Z,5.00,9.00,38.99,41.00,9.53,2.00
2026-04-23T19:48:00Z,5.00,9.00,39.00,41.00,9.53,2.00
2026-04-23T19:49:00Z,5.00,9.00,38.00,41.00,9.53,2.00
2026-04-23T19:50:00Z,5.00,9.00,38.00,41.00,9.53,1.86
2026-04-23T19:51:00Z,5.00,9.00,38.00,41.00,9.53,1.86
2026-04-23T19:55:00Z,6.00,9.00,38.00,41.00,9.53,1.86
2026-04-23T19:56:00Z,6.00,9.00,38.00,41.00,6.00,1.86
2026-04-23T19:57:00Z,6.00,9.00,38.00,41.00,6.00,1.86
2026-04-23T20:02:00Z,5.00,9.00,38.00,41.00,6.00,1.86
2026-04-23T20:03:00Z,5.00,9.00,38.00,42.00,6.00,1.86
2026-04-23T20:04:00Z,5.00,9.00,37.00,42.00,6.00,1.86
2026-04-23T20:06:00Z,5.00,9.00,36.62,42.00,7.00,2.00
2026-04-23T20:10:00Z,5.00,9.00,36.00,42.00,7.00,2.00
2026-04-23T20:11:00Z,5.00,9.00,36.00,42.00,7.00,2.00
2026-04-23T20:12:00Z,5.00,9.00,36.00,44.61,7.00,2.00
2026-04-23T20:13:00Z,5.00,9.00,36.00,47.00,7.00,2.00
2026-04-23T20:16:00Z,5.00,9.00,37.00,47.00,7.00,2.00
2026-04-23T20:18:00Z,5.00,9.00,36.00,47.00,7.00,2.00
2026-04-23T20:23:00Z,5.00,9.00,36.00,47.00,7.00,2.00
2026-04-23T20:26:00Z,5.00,9.00,36.00,47.00,7.00,2.00
2026-04-23T20:30:00Z,6.00,9.00,36.00,47.00,7.00,2.00
2026-04-23T20:31:00Z,6.00,9.00,36.00,43.00,7.00,2.00
2026-04-23T20:32:00Z,6.00,10.00,36.00,42.00,7.00,2.00
2026-04-23T20:33:00Z,6.00,10.00,36.00,42.00,7.00,2.00
2026-04-23T20:35:00Z,6.00,10.00,36.00,41.00,7.00,2.00
2026-04-23T20:36:00Z,6.00,10.00,36.00,41.00,7.00,2.00
2026-04-23T20:38:00Z,6.00,10.00,36.00,41.00,7.00,2.00
2026-04-23T20:39:00Z,6.00,10.00,36.00,41.00,7.00,2.00
2026-04-23T20:40:00Z,6.00,10.00,36.00,41.00,7.00,2.00
2026-04-23T20:42:00Z,6.00,10.00,36.00,40.11,7.00,2.00
2026-04-23T20:43:00Z,6.00,10.00,36.00,41.00,7.00,2.00
2026-04-23T20:44:00Z,6.00,10.00,36.00,41.00,7.00,2.00
2026-04-23T20:45:00Z,6.00,10.00,36.00,42.00,7.00,2.00
2026-04-23T20:46:00Z,6.00,10.00,36.00,43.00,7.00,2.00
2026-04-23T20:48:00Z,6.00,10.00,36.00,40.30,7.00,2.00
2026-04-23T20:51:00Z,6.00,10.00,36.00,40.25,7.00,2.00
2026-04-23T20:54:00Z,6.00,10.00,36.00,40.25,7.00,2.00
2026-04-23T20:55:00Z,6.00,10.00,36.00,42.31,7.00,2.00
2026-04-23T20:57:00Z,6.00,10.00,36.00,44.00,7.00,2.00
2026-04-23T20:58:00Z,6.00,10.00,35.00,40.25,7.00,2.00
2026-04-23T20:59:00Z,6.00,10.00,30.87,40.25,7.00,2.00
2026-04-23T21:00:00Z,6.00,10.00,30.87,40.25,9.71,2.00
2026-04-23T21:01:00Z,6.00,10.00,32.77,39.90,9.71,2.00
2026-04-23T21:03:00Z,6.00,10.00,32.77,44.00,9.71,2.00
2026-04-23T21:04:00Z,6.00,10.00,31.00,44.74,11.96,2.00
2026-04-23T21:05:00Z,6.00,10.00,31.00,44.00,11.96,2.00
2026-04-23T21:06:00Z,6.00,10.00,31.00,44.00,10.00,2.00
2026-04-23T21:08:00Z,6.00,10.00,29.10,43.50,10.00,2.00
2026-04-23T21:11:00Z,6.00,10.00,29.10,43.00,10.00,2.00
2026-04-23T21:12:00Z,6.00,10.00,29.10,43.00,12.00,2.00
2026-04-23T21:17:00Z,6.00,10.00,31.00,43.00,12.00,2.00
2026-04-23T21:18:00Z,6.00,10.00,31.00,40.00,12.00,2.00
2026-04-23T21:20:00Z,6.00,10.00,31.00,40.00,12.00,2.00
2026-04-23T21:22:00Z,5.00,10.00,31.00,40.00,12.00,2.00
2026-04-23T21:23:00Z,5.00,9.00,31.00,40.00,12.00,2.00
2026-04-23T21:25:00Z,5.00,9.00,31.00,40.00,12.00,2.00
2026-04-23T21:30:00Z,5.00,9.00,31.00,40.00,12.00,2.00
2026-04-23T21:31:00Z,5.00,9.00,31.00,40.00,12.00,2.00
2026-04-23T21:32:00Z,5.00,9.00,31.00,40.00,12.00,2.00
2026-04-23T21:34:00Z,5.00,9.00,31.00,45.18,12.00,2.00
2026-04-23T21:35:00Z,5.00,9.11,29.00,44.00,10.07,2.00
2026-04-23T21:39:00Z,5.00,10.00,35.16,43.00,10.07,2.00
2026-04-23T21:47:00Z,5.00,10.00,35.16,43.00,10.07,2.00
2026-04-23T21:48:00Z,8.00,10.00,35.16,43.00,10.07,2.00
2026-04-23T21:50:00Z,7.75,10.00,35.16,42.00,10.07,2.00
2026-04-23T21:54:00Z,7.75,10.00,37.00,40.22,10.07,2.00
2026-04-23T21:58:00Z,7.75,10.00,37.00,40.22,10.07,2.00
2026-04-23T22:00:00Z,7.75,10.00,37.00,44.00,10.07,2.00
2026-04-23T22:02:00Z,6.00,10.00,37.00,45.00,10.07,2.00
2026-04-23T22:06:00Z,6.00,10.00,32.00,45.00,10.07,2.00
2026-04-23T22:07:00Z,6.00,10.00,29.00,45.00,10.07,2.00
2026-04-23T22:08:00Z,6.00,10.00,29.00,45.00,10.07,2.00
2026-04-23T22:13:00Z,7.00,10.00,30.00,45.00,10.07,2.00
2026-04-23T22:14:00Z,7.00,7.00,30.00,45.00,10.07,2.00
2026-04-23T22:15:00Z,7.00,7.00,30.00,45.00,10.07,2.00
2026-04-23T22:16:00Z,7.00,8.00,30.00,45.00,10.07,2.00
2026-04-23T22:19:00Z,5.00,8.00,30.00,45.00,6.00,2.00
2026-04-23T22:22:00Z,5.00,8.00,30.00,46.00,6.00,2.00
2026-04-23T22:24:00Z,5.00,8.00,30.00,45.50,6.00,2.00
2026-04-23T22:25:00Z,5.00,8.00,30.00,46.00,6.00,2.00
2026-04-23T22:27:00Z,5.00,8.00,35.80,46.00,6.00,2.00
2026-04-23T22:29:00Z,5.00,8.00,35.80,46.00,6.00,2.00
2026-04-23T22:30:00Z,5.00,8.00,35.80,46.00,6.00,2.00
2026-04-23T22:31:00Z,5.00,8.00,34.90,46.00,6.00,2.00
2026-04-23T22:36:00Z,5.00,8.00,34.90,47.00,6.00,2.00
2026-04-23T22:38:00Z,5.00,8.00,34.00,47.00,6.00,2.00
2026-04-23T22:39:00Z,5.00,8.00,34.00,46.00,6.00,2.00
2026-04-23T22:46:00Z,7.00,8.00,34.00,46.00,6.00,2.00
2026-04-23T22:47:00Z,7.00,8.00,34.00,46.00,6.00,2.00
2026-04-23T22:48:00Z,7.00,8.00,34.00,46.00,6.00,2.00
2026-04-23T22:49:00Z,7.00,8.00,34.00,46.00,6.00,2.00
2026-04-23T22:52:00Z,6.00,8.00,34.00,46.00,6.00,2.00
2026-04-23T22:54:00Z,7.00,8.00,34.00,46.00,6.00,2.00
2026-04-23T22:58:00Z,7.00,8.00,34.00,47.00,6.00,2.00
2026-04-23T23:01:00Z,8.00,8.00,34.00,47.00,6.00,2.00
2026-04-23T23:02:00Z,8.00,8.00,34.00,47.00,6.00,2.00
2026-04-23T23:03:00Z,8.00,8.00,30.25,47.00,6.00,2.00
2026-04-23T23:04:00Z,8.00,8.00,30.25,48.00,6.00,2.00
2026-04-23T23:07:00Z,8.00,8.00,30.25,48.00,6.00,2.00
2026-04-23T23:10:00Z,8.00,8.00,30.25,48.00,6.00,2.00
2026-04-23T23:11:00Z,8.00,8.00,34.77,48.00,6.00,2.00
2026-04-23T23:13:00Z,8.00,8.00,32.00,48.00,6.00,2.00
2026-04-23T23:16:00Z,8.00,8.00,32.00,48.00,6.00,2.00
2026-04-23T23:19:00Z,8.00,8.00,32.00,48.00,6.00,2.00
2026-04-23T23:20:00Z,6.00,8.00,32.00,48.00,6.00,2.00
2026-04-23T23:22:00Z,6.00,8.00,32.00,48.00,6.00,2.00
2026-04-23T23:23:00Z,6.00,8.00,32.00,48.00,6.00,2.00
2026-04-23T23:26:00Z,6.00,8.00,32.00,48.00,6.00,2.00
2026-04-23T23:29:00Z,6.00,8.00,32.00,48.00,6.00,2.00
2026-04-23T23:32:00Z,6.00,8.00,32.00,48.00,6.00,2.00
2026-04-23T23:35:00Z,6.00,8.00,32.00,48.00,6.00,2.00
2026-04-23T23:37:00Z,6.00,8.00,34.98,46.39,6.00,2.00
2026-04-23T23:38:00Z,6.00,8.00,34.98,47.00,6.00,2.00
2026-04-23T23:40:00Z,5.02,8.00,34.98,47.00,6.00,2.00
2026-04-23T23:41:00Z,5.02,8.00,34.98,47.00,6.00,2.00
2026-04-23T23:44:00Z,5.02,8.00,34.98,47.00,6.00,2.00
2026-04-23T23:46:00Z,6.00,8.00,34.98,47.00,6.00,2.00
2026-04-23T23:47:00Z,6.00,8.00,34.98,47.00,6.00,2.00
2026-04-23T23:48:00Z,6.00,8.00,34.98,47.00,6.00,2.00
2026-04-23T23:49:00Z,5.11,6.73,34.98,47.00,6.00,2.00
2026-04-23T23:50:00Z,5.11,6.73,34.98,48.00,6.00,2.00
2026-04-23T23:52:00Z,5.11,7.00,34.98,46.00,7.00,2.00
2026-04-23T23:53:00Z,5.11,7.00,34.98,47.66,7.00,2.00
2026-04-23T23:56:00Z,5.11,7.00,34.98,48.00,7.00,2.00
2026-04-23T23:58:00Z,5.11,7.00,34.98,48.00,8.82,2.00
2026-04-24T00:01:00Z,5.00,9.00,34.98,46.00,8.82,2.00
2026-04-24T00:02:00Z,5.00,9.00,34.98,46.43,8.82,2.00
2026-04-24T00:03:00Z,5.00,9.00,34.98,47.00,8.82,2.00
2026-04-24T00:04:00Z,3.00,9.00,34.98,46.62,8.82,2.00
2026-04-24T00:05:00Z,5.00,8.20,35.62,46.62,8.82,2.00
2026-04-24T00:06:00Z,5.00,8.20,36.00,46.00,8.82,2.00
2026-04-24T00:08:00Z,5.00,8.20,36.00,46.00,9.00,2.00
2026-04-24T00:11:00Z,5.00,9.00,36.00,46.00,9.00,2.00
2026-04-24T00:12:00Z,4.00,9.00,36.00,46.00,9.00,2.00
2026-04-24T00:16:00Z,5.00,9.00,36.00,46.00,9.00,2.00
2026-04-24T00:19:00Z,4.00,9.00,36.00,46.00,9.00,2.00
2026-04-24T00:21:00Z,5.00,9.00,36.00,46.00,9.00,2.00
2026-04-24T00:22:00Z,5.00,9.00,36.00,47.00,9.00,2.00
2026-04-24T00:23:00Z,6.00,9.00,36.00,47.00,9.00,2.00
2026-04-24T00:25:00Z,6.00,9.00,36.00,47.00,9.00,2.00
2026-04-24T00:29:00Z,6.00,9.00,36.00,47.00,9.00,2.00
2026-04-24T00:32:00Z,6.00,9.00,36.00,47.00,9.00,2.00
2026-04-24T00:33:00Z,6.00,9.00,34.00,47.00,9.00,2.00
2026-04-24T00:34:00Z,6.00,9.00,34.00,47.00,9.00,2.00
2026-04-24T00:37:00Z,5.00,9.00,34.00,47.00,9.00,2.00
2026-04-24T00:42:00Z,6.00,9.00,34.00,47.00,9.00,2.00
2026-04-24T00:43:00Z,6.00,9.00,34.00,47.00,9.00,2.00
2026-04-24T00:44:00Z,6.00,9.00,34.00,47.00,8.00,2.00
2026-04-24T00:46:00Z,7.00,9.00,37.63,46.00,8.00,2.00
2026-04-24T00:47:00Z,7.00,8.00,36.00,46.00,8.00,2.00
2026-04-24T00:49:00Z,7.00,8.00,36.00,46.00,8.00,2.00
2026-04-24T00:53:00Z,7.00,8.00,36.00,46.00,8.00,2.00
2026-04-24T00:55:00Z,7.00,8.00,36.00,46.00,8.00,2.00
2026-04-24T00:56:00Z,7.00,8.75,36.00,46.00,8.00,2.00
2026-04-24T01:02:00Z,6.00,8.75,36.00,47.00,9.00,2.00
2026-04-24T01:05:00Z,6.00,8.75,36.00,46.00,9.00,2.00
2026-04-24T01:06:00Z,6.00,7.00,36.00,46.00,9.00,2.00
2026-04-24T01:10:00Z,6.00,7.00,36.00,46.00,9.00,2.00
2026-04-24T01:11:00Z,6.00,8.00,36.00,46.00,8.25,2.00
2026-04-24T01:13:00Z,6.00,8.00,36.00,47.26,8.25,2.00
2026-04-24T01:14:00Z,6.00,9.00,36.00,47.26,8.25,2.00
2026-04-24T01:16:00Z,6.00,9.00,36.00,47.26,9.65,2.00
2026-04-24T01:17:00Z,6.00,9.00,36.00,47.26,9.65,2.00
2026-04-24T01:18:00Z,6.00,9.00,34.91,47.00,9.65,2.00
2026-04-24T01:19:00Z,6.00,9.00,34.91,46.00,11.66,2.00
2026-04-24T01:20:00Z,7.00,9.00,34.91,46.00,11.66,2.00
2026-04-24T01:23:00Z,7.00,9.00,34.91,46.00,11.00,2.00
2026-04-24T01:24:00Z,7.00,9.00,34.91,46.00,11.00,2.00
2026-04-24T01:26:00Z,7.00,9.00,35.00,46.00,12.00,2.00
2026-04-24T01:27:00Z,6.00,9.00,36.81,46.00,12.00,2.00
2026-04-24T01:28:00Z,7.00,9.00,36.81,46.00,12.00,2.00
2026-04-24T01:29:00Z,7.00,9.00,37.20,46.00,12.00,2.00
2026-04-24T01:30:00Z,7.00,9.00,37.20,46.00,12.00,2.00
2026-04-24T01:31:00Z,7.00,9.00,37.20,43.00,12.00,2.00
2026-04-24T01:32:00Z,7.00,9.00,37.20,43.68,12.00,2.00
2026-04-24T01:33:00Z,6.09,9.00,37.20,43.68,12.00,2.00
2026-04-24T01:34:00Z,6.09,7.00,37.20,43.68,12.00,2.00
2026-04-24T01:35:00Z,6.09,7.00,37.20,43.00,12.00,2.00
2026-04-24T01:36:00Z,6.09,7.00,37.20,43.00,12.00,2.00
2026-04-24T01:39:00Z,6.09,8.20,37.20,43.00,12.00,2.00
2026-04-24T01:40:00Z,7.00,8.20,37.00,43.00,12.00,2.00
2026-04-24T01:41:00Z,7.00,8.91,37.00,43.00,12.00,2.00
2026-04-24T01:42:00Z,7.00,8.91,38.00,43.00,12.00,2.00
2026-04-24T01:43:00Z,7.00,8.91,38.00,43.00,12.00,2.00
2026-04-24T01:44:00Z,7.00,8.91,36.00,43.00,12.00,2.00
2026-04-24T01:48:00Z,7.00,8.91,36.00,43.00,12.00,2.00
2026-04-24T01:49:00Z,7.00,8.91,36.00,43.00,12.00,2.00
2026-04-24T01:51:00Z,7.00,8.91,36.00,43.00,12.00,2.00
2026-04-24T01:52:00Z,6.00,8.91,36.00,43.00,12.00,2.00
2026-04-24T01:55:00Z,6.00,8.91,36.00,43.00,9.00,2.00
2026-04-24T02:01:00Z,6.00,8.91,36.00,43.00,9.00,2.00
2026-04-24T02:02:00Z,6.00,8.91,36.00,44.00,9.00,2.00
2026-04-24T02:04:00Z,6.00,8.00,36.00,44.00,9.00,2.00
2026-04-24T02:08:00Z,6.00,8.00,36.00,44.00,11.00,2.00
2026-04-24T02:12:00Z,6.00,7.00,36.00,44.00,11.00,2.00
2026-04-24T02:16:00Z,6.00,7.00,36.00,44.00,10.00,2.00
2026-04-24T02:17:00Z,5.00,7.00,36.00,44.00,10.00,2.00
2026-04-24T02:19:00Z,5.00,7.00,36.00,45.38,10.00,2.00
2026-04-24T02:20:00Z,5.00,7.00,35.00,46.98,10.00,2.00
2026-04-24T02:21:00Z,5.00,7.00,35.00,49.24,10.00,2.00
2026-04-24T02:22:00Z,5.00,7.00,35.00,49.00,10.00,2.00
2026-04-24T02:23:00Z,5.00,7.00,35.00,49.00,12.51,2.00
2026-04-24T02:25:00Z,5.00,7.00,35.00,45.00,12.00,2.00
2026-04-24T02:28:00Z,4.00,7.00,35.00,45.00,12.00,2.00
2026-04-24T02:29:00Z,4.00,7.00,35.00,45.00,12.00,2.00
2026-04-24T02:30:00Z,4.00,7.00,35.00,45.00,12.00,2.00
2026-04-24T02:31:00Z,4.00,7.00,35.00,45.00,12.00,2.00
2026-04-24T02:33:00Z,4.00,7.00,35.00,45.00,12.00,2.00
2026-04-24T02:37:00Z,4.00,7.00,35.00,45.00,12.00,1.00
2026-04-24T02:42:00Z,4.00,7.00,35.00,45.00,12.00,1.00
2026-04-24T02:45:00Z,4.00,7.00,32.00,45.00,12.00,1.00
2026-04-24T02:49:00Z,4.00,7.00,32.00,45.00,12.00,1.00
2026-04-24T03:02:00Z,4.00,7.00,32.00,48.00,12.00,1.00
2026-04-24T03:03:00Z,4.00,7.00,32.00,48.00,12.00,1.00
2026-04-24T03:06:00Z,4.00,7.00,31.00,48.00,12.00,1.00
2026-04-24T03:08:00Z,3.00,7.00,31.00,48.00,12.00,1.00
2026-04-24T03:15:00Z,3.00,8.18,31.00,48.00,12.00,1.00
2026-04-24T03:16:00Z,3.00,8.18,29.00,50.00,12.00,1.00
2026-04-24T03:21:00Z,3.00,8.18,29.00,50.00,12.00,1.00
2026-04-24T03:22:00Z,3.00,8.18,29.00,49.00,12.00,1.00
2026-04-24T03:27:00Z,4.00,8.18,29.00,49.00,12.00,1.00
2026-04-24T03:33:00Z,3.00,8.18,29.00,49.00,12.00,1.00
2026-04-24T03:35:00Z,3.00,8.18,29.00,47.00,12.00,2.00
2026-04-24T03:45:00Z,3.00,8.18,29.00,47.00,12.00,2.00
2026-04-24T03:51:00Z,3.00,8.18,29.00,47.00,12.00,2.00
2026-04-24T03:58:00Z,3.00,8.18,29.00,47.00,12.00,2.00
2026-04-24T04:01:00Z,3.00,8.18,28.00,47.00,12.00,2.00
2026-04-24T04:02:00Z,3.00,8.18,28.00,48.00,11.00,2.00
2026-04-24T04:06:00Z,3.00,8.18,28.00,47.00,11.00,2.00
2026-04-24T04:10:00Z,3.00,8.18,28.00,47.00,10.00,2.00
2026-04-24T04:11:00Z,3.00,8.18,28.00,47.00,10.00,2.00
2026-04-24T04:15:00Z,3.00,8.18,28.00,47.00,10.00,2.00
2026-04-24T04:16:00Z,3.00,8.18,28.00,47.00,10.00,2.00
2026-04-24T04:19:00Z,3.00,8.18,28.00,47.00,10.00,2.00
2026-04-24T04:21:00Z,3.00,8.18,28.00,47.00,10.00,2.00
2026-04-24T04:23:00Z,3.00,8.18,28.00,47.00,10.00,2.00
2026-04-24T04:26:00Z,3.00,8.18,29.00,47.00,10.00,2.00
2026-04-24T04:31:00Z,3.00,8.18,29.00,47.00,10.00,2.00
2026-04-24T04:36:00Z,3.00,8.18,29.00,47.00,10.00,2.00
2026-04-24T04:41:00Z,3.00,8.18,29.00,47.00,10.00,2.00
2026-04-24T04:45:00Z,3.00,8.18,29.00,47.00,11.00,2.00
2026-04-24T04:46:00Z,3.00,8.18,29.00,47.00,11.00,2.00
2026-04-24T04:48:00Z,3.00,8.18,29.00,47.00,11.00,2.00
2026-04-24T04:51:00Z,3.00,8.18,29.00,47.00,11.00,2.00
2026-04-24T04:55:00Z,3.00,8.18,29.81,47.00,11.00,2.00
2026-04-24T04:56:00Z,3.00,8.18,29.81,47.00,11.00,2.00
2026-04-24T04:57:00Z,3.00,8.18,29.81,47.00,11.00,2.00
2026-04-24T05:00:00Z,3.00,7.00,29.81,47.00,11.00,2.00
2026-04-24T05:01:00Z,3.00,7.00,29.81,47.00,11.00,2.00
2026-04-24T05:02:00Z,3.00,7.00,32.00,47.00,11.00,2.00
2026-04-24T05:03:00Z,3.00,8.00,33.00,47.00,11.00,2.00
2026-04-24T05:06:00Z,3.00,8.00,33.00,47.90,10.00,2.00
2026-04-24T05:11:00Z,3.00,8.00,33.00,47.00,10.00,2.00
2026-04-24T05:13:00Z,3.00,8.00,33.00,47.00,10.00,2.00
2026-04-24T05:15:00Z,3.00,7.00,33.00,48.00,10.00,2.00
2026-04-24T05:16:00Z,2.00,7.00,33.00,48.00,10.00,2.00
2026-04-24T05:19:00Z,2.00,7.00,33.00,48.00,10.00,2.00
2026-04-24T05:20:00Z,3.20,8.00,33.00,48.90,10.00,2.00
2026-04-24T05:21:00Z,3.20,8.00,33.00,48.90,10.00,2.00
2026-04-24T05:33:00Z,3.20,8.00,33.00,48.90,10.00,2.00
2026-04-24T05:34:00Z,3.00,7.00,33.00,49.00,10.00,2.00
2026-04-24T05:35:00Z,2.08,5.06,33.00,49.00,10.00,2.00
2026-04-24T05:36:00Z,2.08,5.06,33.00,49.00,10.00,2.00
2026-04-24T05:37:00Z,3.00,5.06,33.00,49.00,10.00,2.00
2026-04-24T05:38:00Z,3.00,5.00,33.00,49.00,10.00,2.00
2026-04-24T05:39:00Z,3.00,5.00,33.00,51.00,10.00,2.00
2026-04-24T05:40:00Z,3.00,5.00,33.00,51.00,10.00,2.00
2026-04-24T05:41:00Z,3.00,5.00,33.00,50.00,10.00,2.00
2026-04-24T05:45:00Z,3.00,5.00,34.28,50.00,10.00,2.00
2026-04-24T05:49:00Z,3.00,5.00,35.00,48.00,10.00,2.00
2026-04-24T05:50:00Z,3.00,4.00,35.00,48.00,10.00,2.00
2026-04-24T05:51:00Z,3.00,4.00,35.00,49.00,8.00,2.00
2026-04-24T05:52:00Z,3.00,6.38,39.62,49.00,8.00,2.00
2026-04-24T05:54:00Z,2.00,7.58,39.62,48.00,8.00,2.00
2026-04-24T05:56:00Z,2.00,4.89,41.27,48.00,8.00,2.00
2026-04-24T05:59:00Z,2.00,4.89,41.27,48.00,8.00,2.00
2026-04-24T06:04:00Z,2.00,4.89,41.27,48.00,8.00,2.00
2026-04-24T06:06:00Z,2.00,4.89,43.70,48.00,8.00,2.00
2026-04-24T06:08:00Z,2.00,4.89,43.70,49.00,8.00,2.00
2026-04-24T06:09:00Z,2.00,5.00,41.00,48.00,8.00,1.00
2026-04-24T06:11:00Z,2.00,5.00,41.00,48.00,8.00,1.00
2026-04-24T06:12:00Z,2.00,5.00,41.00,48.00,8.00,1.00
2026-04-24T06:13:00Z,2.00,5.00,41.00,48.00,8.00,1.00
2026-04-24T06:18:00Z,2.00,6.00,40.17,47.00,8.00,1.00
2026-04-24T06:19:00Z,2.00,7.00,41.00,47.00,8.00,1.00
2026-04-24T06:20:00Z,2.00,7.00,41.00,47.00,8.00,1.00
2026-04-24T06:24:00Z,2.00,6.00,41.00,47.00,8.00,1.00
2026-04-24T06:26:00Z,2.00,6.00,41.00,47.00,9.77,1.00
2026-04-24T06:27:00Z,2.00,6.00,41.00,48.00,9.77,1.00
2026-04-24T06:28:00Z,2.00,7.00,41.00,48.00,9.77,1.00
2026-04-24T06:29:00Z,2.00,8.00,41.00,48.00,9.77,1.00
2026-04-24T06:30:00Z,2.00,8.00,41.00,47.00,9.77,1.00
2026-04-24T06:31:00Z,2.00,8.00,39.00,47.00,9.00,1.00
2026-04-24T06:32:00Z,2.00,8.00,39.00,45.00,9.00,1.00
2026-04-24T06:35:00Z,3.00,8.00,39.00,45.00,9.00,2.00
2026-04-24T06:36:00Z,3.00,9.00,40.00,45.00,9.00,2.00
2026-04-24T06:37:00Z,3.00,9.00,40.00,45.00,9.00,2.00
2026-04-24T06:39:00Z,3.00,9.00,40.00,45.00,9.00,2.00
2026-04-24T06:43:00Z,3.00,9.00,40.00,43.00,9.00,2.00
2026-04-24T06:44:00Z,3.00,9.00,41.00,44.00,9.00,2.00
2026-04-24T06:45:00Z,3.00,6.39,41.00,42.94,9.00,2.00
2026-04-24T06:50:00Z,3.00,6.39,41.00,44.00,9.00,2.00
2026-04-24T06:54:00Z,2.00,6.39,41.00,44.00,9.00,2.00
2026-04-24T06:58:00Z,2.00,6.39,42.00,44.00,9.00,2.00
2026-04-24T07:01:00Z,2.00,6.39,42.00,44.16,9.00,2.00
2026-04-24T07:02:00Z,2.00,6.39,42.00,44.00,9.00,2.00
2026-04-24T07:03:00Z,2.00,6.39,42.00,45.00,9.00,2.00
2026-04-24T07:10:00Z,2.00,6.39,42.00,46.00,9.00,2.00
2026-04-24T07:11:00Z,2.00,6.00,42.00,46.00,9.00,2.00
2026-04-24T07:12:00Z,2.00,6.00,42.00,46.00,8.00,2.00
2026-04-24T07:13:00Z,2.00,6.00,42.00,46.00,8.00,2.00
2026-04-24T07:18:00Z,2.00,6.00,41.00,45.00,8.00,2.00
2026-04-24T07:19:00Z,2.00,6.00,41.00,45.00,8.00,2.00
2026-04-24T07:22:00Z,2.00,6.00,41.00,45.00,8.00,2.00
2026-04-24T07:24:00Z,2.00,6.00,41.00,45.00,8.00,2.00
2026-04-24T07:28:00Z,2.00,6.00,42.00,45.67,8.00,2.00
2026-04-24T07:29:00Z,2.00,6.00,42.00,45.67,8.00,2.00
2026-04-24T07:30:00Z,2.00,6.00,41.00,45.67,8.00,2.00
2026-04-24T07:31:00Z,2.00,6.00,41.00,45.67,7.00,2.00
2026-04-24T07:33:00Z,2.00,6.00,41.00,46.00,7.00,2.00
2026-04-24T07:34:00Z,2.00,6.00,41.00,46.70,7.00,2.00
2026-04-24T07:35:00Z,2.00,6.00,40.20,46.70,7.00,2.00
2026-04-24T07:40:00Z,2.00,6.00,41.00,46.70,7.00,2.00
2026-04-24T07:42:00Z,3.00,6.00,41.00,46.70,7.00,2.00
2026-04-24T07:44:00Z,2.00,6.00,41.00,46.70,7.00,2.00
2026-04-24T07:45:00Z,2.00,6.00,41.00,46.70,7.00,2.00
2026-04-24T07:48:00Z,2.00,6.00,41.00,47.00,7.00,2.00
2026-04-24T07:50:00Z,2.00,6.00,42.00,47.00,7.00,2.00
2026-04-24T07:59:00Z,2.00,6.00,41.31,47.00,7.00,2.00
2026-04-24T08:01:00Z,2.00,6.00,41.31,47.00,7.00,2.00
2026-04-24T08:06:00Z,2.00,6.00,43.00,47.00,7.00,2.00
2026-04-24T08:09:00Z,3.00,6.00,43.00,47.00,7.00,2.00
2026-04-24T08:10:00Z,3.00,6.00,42.93,47.00,7.00,2.00
2026-04-24T08:13:00Z,3.00,5.00,42.93,47.00,7.00,2.00
2026-04-24T08:15:00Z,3.00,5.00,42.93,47.00,7.00,2.00
2026-04-24T08:17:00Z,3.00,5.00,42.93,47.00,7.00,2.00
2026-04-24T08:21:00Z,2.00,5.00,42.93,47.00,7.00,2.00
2026-04-24T08:24:00Z,2.00,5.00,42.93,46.00,7.00,1.00
2026-04-24T08:25:00Z,2.00,5.00,42.93,46.00,7.00,1.00
2026-04-24T08:26:00Z,2.00,5.00,42.93,46.00,7.00,1.00
2026-04-24T08:35:00Z,2.00,4.00,42.00,46.00,7.00,1.00
2026-04-24T08:38:00Z,2.00,4.00,42.00,46.00,7.00,1.00
2026-04-24T08:40:00Z,2.00,4.00,43.00,46.00,7.00,1.00
2026-04-24T08:42:00Z,2.00,4.00,43.00,46.32,7.00,1.00
2026-04-24T08:44:00Z,2.00,4.00,43.00,46.32,7.00,1.00
2026-04-24T08:45:00Z,2.00,4.00,44.00,46.32,7.00,1.00
2026-04-24T08:49:00Z,2.00,4.00,44.00,45.56,7.00,1.00
2026-04-24T08:53:00Z,2.00,4.92,45.00,45.56,7.00,1.00
2026-04-24T08:58:00Z,2.00,4.92,45.00,44.40,7.00,1.00
2026-04-24T09:00:00Z,2.00,4.92,45.00,44.40,7.00,1.00
2026-04-24T09:01:00Z,3.00,4.92,45.00,44.40,7.00,2.00
2026-04-24T09:02:00Z,3.00,4.92,45.00,44.40,7.00,2.00
2026-04-24T09:04:00Z,3.00,4.92,44.00,44.40,7.00,2.00
2026-04-24T09:05:00Z,3.00,4.92,44.00,44.40,7.00,2.00
2026-04-24T09:07:00Z,3.00,4.92,45.00,44.40,7.00,2.00
2026-04-24T09:17:00Z,3.00,4.92,46.87,44.40,7.00,2.00
2026-04-24T09:22:00Z,3.00,4.92,45.85,44.40,7.00,2.00
2026-04-24T09:25:00Z,3.00,4.92,45.85,43.00,7.00,2.00
2026-04-24T09:28:00Z,3.00,4.92,45.85,42.54,7.00,2.00
2026-04-24T09:29:00Z,3.00,4.92,45.85,37.96,7.00,2.00
2026-04-24T09:30:00Z,3.00,4.92,45.85,37.96,7.00,1.00
2026-04-24T09:31:00Z,3.00,4.92,45.85,37.96,7.00,1.00
2026-04-24T09:34:00Z,3.00,4.92,45.85,40.00,7.00,1.00
2026-04-24T09:35:00Z,3.00,4.92,45.85,40.00,6.00,1.00
2026-04-24T09:36:00Z,2.00,4.92,45.85,40.00,5.00,1.00
2026-04-24T09:38:00Z,2.00,4.92,45.85,40.00,5.00,1.00
2026-04-24T09:41:00Z,2.00,4.92,45.85,40.00,5.00,1.00
2026-04-24T09:43:00Z,2.00,4.92,46.00,40.00,5.00,1.00
2026-04-24T09:48:00Z,2.00,4.08,46.00,40.00,5.00,1.00
2026-04-24T09:50:00Z,2.00,4.08,46.00,40.00,5.00,1.00
2026-04-24T09:52:00Z,2.00,4.08,47.00,40.00,5.00,1.00
2026-04-24T09:53:00Z,2.00,4.08,47.00,41.00,5.00,1.00
2026-04-24T09:58:00Z,2.00,4.08,47.00,41.00,5.00,1.00
2026-04-24T09:59:00Z,2.00,4.08,47.00,41.00,5.00,1.00
2026-04-24T10:01:00Z,3.00,4.08,47.00,40.00,5.00,1.00
2026-04-24T10:02:00Z,3.00,3.00,46.90,40.00,5.00,1.00
2026-04-24T10:10:00Z,2.00,3.00,46.00,40.00,5.00,1.00
2026-04-24T10:18:00Z,2.00,3.00,46.00,41.00,5.00,1.00
2026-04-24T10:19:00Z,2.00,5.00,47.75,40.00,5.00,1.00
2026-04-24T10:21:00Z,2.00,5.00,49.00,40.00,5.00,1.00
2026-04-24T10:22:00Z,2.00,5.00,49.00,40.00,5.00,1.00
2026-04-24T10:26:00Z,2.00,5.00,49.00,39.00,5.00,1.00
2026-04-24T10:32:00Z,2.00,5.00,49.00,40.00,5.00,1.00
2026-04-24T10:38:00Z,2.00,5.00,49.00,39.00,5.00,1.00
2026-04-24T10:41:00Z,2.00,5.00,48.91,39.00,5.00,1.00
2026-04-24T10:44:00Z,2.00,5.00,48.91,39.00,5.00,1.00
2026-04-24T10:45:00Z,2.00,5.00,50.00,39.00,5.00,1.00
2026-04-24T10:48:00Z,2.00,5.00,50.10,39.00,5.00,1.00
2026-04-24T10:49:00Z,2.00,5.00,50.00,39.00,5.00,1.00
2026-04-24T10:50:00Z,3.00,5.00,50.00,39.00,5.00,1.00
2026-04-24T10:51:00Z,3.00,5.00,50.00,39.00,5.00,1.00
2026-04-24T10:52:00Z,3.00,5.00,51.39,39.00,4.00,1.00
2026-04-24T10:53:00Z,3.00,5.84,52.85,39.00,4.00,1.00
2026-04-24T10:54:00Z,3.00,5.84,53.00,39.00,4.00,1.00
2026-04-24T10:57:00Z,3.00,5.84,51.00,37.65,4.00,1.00
2026-04-24T10:58:00Z,3.00,5.84,53.00,37.65,4.00,1.00
2026-04-24T10:59:00Z,3.00,5.84,53.00,37.04,4.00,1.00
2026-04-24T11:01:00Z,3.00,5.84,52.56,38.00,4.00,1.00
2026-04-24T11:02:00Z,3.00,7.00,52.00,38.00,4.00,1.00
2026-04-24T11:03:00Z,3.00,5.00,53.00,37.92,4.00,1.00
2026-04-24T11:04:00Z,3.00,5.00,53.00,39.00,5.00,1.00
2026-04-24T11:05:00Z,3.00,3.83,53.00,39.00,5.00,1.00
2026-04-24T11:06:00Z,2.00,3.83,53.00,39.00,5.00,1.00
2026-04-24T11:07:00Z,2.00,3.83,53.00,40.00,5.00,1.00
2026-04-24T11:08:00Z,2.00,3.00,53.00,40.00,5.00,1.00
2026-04-24T11:09:00Z,2.00,6.94,53.00,40.00,5.00,1.00
2026-04-24T11:11:00Z,2.00,4.00,53.00,40.00,4.99,1.00
2026-04-24T11:12:00Z,2.00,6.53,53.00,40.00,4.99,1.00
2026-04-24T11:13:00Z,2.00,7.90,53.00,39.00,4.99,1.00
2026-04-24T11:14:00Z,2.00,7.00,53.00,38.88,4.99,1.00
2026-04-24T11:16:00Z,2.00,7.00,53.00,39.00,5.00,1.00
2026-04-24T11:17:00Z,2.00,7.00,53.00,39.00,5.00,1.00
2026-04-24T11:18:00Z,2.00,5.00,53.00,39.00,5.00,1.00
2026-04-24T11:21:00Z,2.00,5.00,53.00,39.00,5.00,1.00
2026-04-24T11:22:00Z,2.00,5.00,53.00,39.00,5.00,1.00
2026-04-24T11:23:00Z,2.00,5.00,52.00,39.00,5.00,1.00
2026-04-24T11:25:00Z,2.00,8.00,52.00,39.00,5.00,1.00
2026-04-24T11:26:00Z,2.00,8.00,52.00,39.00,5.00,1.00
2026-04-24T11:27:00Z,2.00,8.00,53.00,39.00,5.00,1.00
2026-04-24T11:28:00Z,2.00,8.00,53.00,39.00,5.00,2.00
2026-04-24T11:29:00Z,2.00,8.00,53.00,39.00,5.00,2.00
2026-04-24T11:30:00Z,2.00,8.00,54.27,39.00,5.00,2.00
2026-04-24T11:31:00Z,2.00,8.00,53.00,38.00,5.00,2.00
2026-04-24T11:33:00Z,2.00,8.00,53.00,38.00,4.00,2.00
2026-04-24T11:35:00Z,2.00,7.00,52.00,38.00,4.00,2.00
2026-04-24T11:36:00Z,1.00,7.00,52.25,39.00,4.00,1.00
2026-04-24T11:37:00Z,1.00,7.00,52.00,39.00,4.00,1.00
2026-04-24T11:38:00Z,1.00,7.00,52.00,39.00,4.00,1.00
2026-04-24T11:39:00Z,1.00,9.16,53.00,38.00,4.00,1.00
2026-04-24T11:40:00Z,1.00,9.16,53.00,35.84,4.00,1.00
2026-04-24T11:41:00Z,1.00,9.00,53.00,35.84,4.00,1.00
2026-04-24T11:46:00Z,1.00,10.61,53.00,34.83,4.00,1.00
2026-04-24T11:47:00Z,1.00,10.47,53.00,34.83,4.00,1.00
2026-04-24T11:48:00Z,1.00,10.47,53.00,34.00,4.00,1.00
2026-04-24T11:49:00Z,1.00,10.64,52.00,35.00,5.00,1.00
2026-04-24T11:50:00Z,1.00,10.64,52.00,35.00,5.00,1.00
2026-04-24T11:51:00Z,1.00,12.70,52.00,35.00,5.00,1.00
2026-04-24T11:52:00Z,1.00,12.70,52.00,35.00,4.00,1.00
2026-04-24T11:56:00Z,1.00,11.00,52.00,35.00,4.00,1.00
2026-04-24T11:57:00Z,1.00,11.00,53.00,34.00,4.00,1.00
2026-04-24T12:00:00Z,1.00,11.00,53.00,35.10,4.00,1.00
2026-04-24T12:01:00Z,1.00,11.00,52.00,35.10,4.00,1.00
2026-04-24T12:02:00Z,1.00,8.60,52.00,35.10,4.00,1.00
2026-04-24T12:03:00Z,1.00,11.79,51.63,35.10,4.00,1.00
2026-04-24T12:04:00Z,1.00,11.79,49.80,35.10,4.00,1.00
2026-04-24T12:05:00Z,1.00,11.79,49.80,35.10,4.00,1.00
2026-04-24T12:06:00Z,1.00,7.27,46.00,35.00,4.00,1.00
2026-04-24T12:07:00Z,1.00,7.27,46.00,35.00,4.00,1.00
2026-04-24T12:08:00Z,1.00,7.27,46.00,34.00,4.00,1.00
2026-04-24T12:10:00Z,1.00,7.27,49.00,34.00,4.00,1.00
2026-04-24T12:11:00Z,1.00,7.27,51.00,36.35,3.00,1.00
2026-04-24T12:12:00Z,2.18,7.27,50.89,36.35,4.00,1.00
2026-04-24T12:13:00Z,2.18,6.67,42.91,37.00,5.95,1.00
2026-04-24T12:15:00Z,2.18,6.00,42.91,37.00,5.95,1.00
2026-04-24T12:16:00Z,2.18,6.00,42.91,38.60,6.00,1.00
2026-04-24T12:17:00Z,2.18,6.00,42.91,38.60,7.00,1.00
2026-04-24T12:18:00Z,2.18,5.00,42.91,38.60,7.00,1.00
2026-04-24T12:19:00Z,2.18,5.00,44.00,38.60,7.00,1.00
2026-04-24T12:20:00Z,2.18,5.00,43.00,42.00,7.00,1.00
2026-04-24T12:22:00Z,2.18,5.00,43.00,42.95,7.00,1.00
2026-04-24T12:23:00Z,1.00,5.00,43.28,43.92,7.00,1.00
2026-04-24T12:24:00Z,1.00,5.00,43.28,45.00,7.00,2.00
2026-04-24T12:25:00Z,1.00,5.00,45.00,45.00,7.00,2.00
2026-04-24T12:26:00Z,1.00,5.00,45.00,44.00,7.00,2.00
2026-04-24T12:27:00Z,1.00,5.00,44.00,45.00,7.00,2.00
2026-04-24T12:28:00Z,1.00,4.97,44.00,45.00,7.98,2.00
2026-04-24T12:29:00Z,1.00,4.97,43.00,45.00,7.98,2.00
2026-04-24T12:31:00Z,1.00,4.97,41.24,45.00,7.98,2.00
2026-04-24T12:32:00Z,1.00,4.97,41.24,45.00,6.00,2.00
2026-04-24T12:33:00Z,1.00,4.97,44.00,45.00,6.00,2.00
2026-04-24T12:35:00Z,1.00,4.97,43.00,43.00,5.51,2.00
2026-04-24T12:36:00Z,1.00,4.97,44.82,43.00,5.51,2.00
2026-04-24T12:37:00Z,1.00,4.97,44.04,43.00,5.51,2.00
2026-04-24T12:38:00Z,1.00,4.97,44.04,44.84,4.14,2.00
2026-04-24T12:39:00Z,1.00,4.97,44.04,45.00,4.14,2.00
2026-04-24T12:40:00Z,1.00,4.97,46.00,43.37,4.14,2.00
2026-04-24T12:41:00Z,1.00,5.14,46.00,43.37,5.00,2.00
2026-04-24T12:42:00Z,1.00,5.90,47.00,43.37,5.00,2.00
2026-04-24T12:44:00Z,1.00,5.90,46.00,43.37,5.00,2.00
2026-04-24T12:45:00Z,1.00,5.77,46.00,43.37,5.00,2.00
2026-04-24T12:46:00Z,1.00,5.77,46.45,43.00,4.00,2.00
2026-04-24T12:47:00Z,1.00,5.77,46.45,44.00,4.00,2.00
2026-04-24T12:48:00Z,1.00,5.77,48.00,44.00,4.00,2.00
2026-04-24T12:49:00Z,1.00,6.00,48.08,43.00,4.00,2.00
2026-04-24T12:50:00Z,1.00,6.00,49.00,43.00,4.00,2.00
2026-04-24T12:51:00Z,1.00,5.93,49.00,43.00,4.00,2.00
2026-04-24T12:53:00Z,1.00,6.00,49.00,43.00,4.00,2.00
2026-04-24T12:54:00Z,1.00,6.00,49.00,42.81,4.00,2.00
2026-04-24T12:55:00Z,1.00,6.00,49.00,45.00,4.00,2.00
2026-04-24T12:56:00Z,1.00,6.12,49.00,42.00,4.00,2.00
2026-04-24T12:58:00Z,1.00,6.80,49.00,42.00,4.00,2.00
2026-04-24T12:59:00Z,1.00,6.80,49.00,43.63,5.00,2.00
2026-04-24T13:00:00Z,1.00,5.00,49.00,43.63,5.00,2.00
2026-04-24T13:01:00Z,1.00,5.00,49.00,41.00,4.00,2.00
2026-04-24T13:02:00Z,1.00,5.00,48.71,41.81,4.00,2.00
2026-04-24T13:04:00Z,1.00,5.00,48.00,41.00,4.00,2.00
2026-04-24T13:05:00Z,1.00,5.00,48.00,41.00,4.00,2.00
2026-04-24T13:06:00Z,1.00,5.00,48.00,41.00,4.00,2.00
2026-04-24T13:07:00Z,1.00,7.00,48.00,41.00,4.00,2.00
2026-04-24T13:08:00Z,1.00,7.00,47.00,41.00,4.00,1.00
2026-04-24T13:09:00Z,1.00,6.00,48.00,41.00,4.00,1.00
2026-04-24T13:10:00Z,1.00,6.00,48.00,40.00,4.00,1.00
2026-04-24T13:11:00Z,1.00,6.00,48.00,41.97,4.00,1.00
2026-04-24T13:12:00Z,1.00,6.00,48.00,44.71,4.21,1.00
2026-04-24T13:13:00Z,1.00,6.00,45.50,46.00,4.21,1.00
2026-04-24T13:14:00Z,1.00,6.00,45.50,46.00,5.28,2.00
2026-04-24T13:15:00Z,1.00,6.00,45.50,46.00,5.28,1.00
2026-04-24T13:16:00Z,1.00,6.00,45.50,46.00,5.28,1.00
2026-04-24T13:17:00Z,1.00,6.00,45.50,44.09,5.28,1.00
2026-04-24T13:18:00Z,1.00,5.00,45.50,46.00,5.00,1.00
2026-04-24T13:19:00Z,1.00,5.00,46.27,46.00,5.00,1.00
2026-04-24T13:20:00Z,1.00,5.00,47.00,43.00,5.00,1.00
2026-04-24T13:21:00Z,1.00,5.00,47.00,43.00,5.00,1.00
2026-04-24T13:23:00Z,1.52,4.75,47.00,43.00,5.00,1.00
2026-04-24T13:24:00Z,1.52,4.75,47.00,43.00,5.00,1.00
2026-04-24T13:25:00Z,2.25,4.75,47.00,42.52,3.44,1.00
2026-04-24T13:26:00Z,2.25,4.75,47.00,42.04,5.00,1.00
2026-04-24T13:27:00Z,2.38,4.75,47.00,42.04,5.00,1.00
2026-04-24T13:28:00Z,1.00,4.75,47.00,42.04,5.00,1.00
2026-04-24T13:29:00Z,1.00,5.00,46.00,42.04,5.00,1.00
2026-04-24T13:30:00Z,1.00,5.00,46.00,41.29,5.50,1.00
2026-04-24T13:31:00Z,1.00,5.00,48.00,40.01,5.00,1.00
2026-04-24T13:32:00Z,1.00,5.00,48.00,40.01,5.00,1.00
2026-04-24T13:33:00Z,1.00,4.06,47.00,40.01,5.00,1.00
2026-04-24T13:34:00Z,1.00,4.06,47.00,41.00,5.00,1.00
2026-04-24T13:35:00Z,1.00,4.06,46.00,40.00,5.00,1.00
2026-04-24T13:36:00Z,1.00,4.06,46.00,40.00,3.21,1.00
2026-04-24T13:37:00Z,1.00,4.06,46.00,40.00,4.00,1.00
2026-04-24T13:38:00Z,1.00,4.06,48.80,40.00,4.00,1.00
2026-04-24T13:39:00Z,1.00,3.22,47.62,40.00,4.00,1.00
2026-04-24T13:40:00Z,1.00,3.22,49.00,40.00,4.00,1.00
2026-04-24T13:41:00Z,1.00,2.00,49.00,41.15,3.34,1.00
2026-04-24T13:43:00Z,1.00,3.00,49.00,41.15,4.19,1.00
2026-04-24T13:44:00Z,1.00,3.00,49.00,42.09,4.19,1.00
2026-04-24T13:45:00Z,1.00,3.00,49.00,42.00,4.19,1.00
2026-04-24T13:46:00Z,1.00,3.00,49.00,42.00,3.19,1.00
2026-04-24T13:47:00Z,1.00,3.79,49.00,41.00,3.19,1.00
2026-04-24T13:48:00Z,1.00,3.79,49.43,41.00,3.19,1.00
2026-04-24T13:49:00Z,1.00,3.79,47.89,42.00,3.19,1.00
2026-04-24T13:50:00Z,1.00,3.79,48.00,42.00,3.19,1.00
2026-04-24T13:51:00Z,1.00,3.00,46.07,42.00,3.19,1.00
2026-04-24T13:52:00Z,1.00,4.00,49.00,42.00,3.19,1.00
2026-04-24T13:53:00Z,1.00,4.00,49.00,42.00,3.19,1.00
2026-04-24T13:54:00Z,1.00,4.00,49.00,42.00,3.19,1.00
2026-04-24T13:55:00Z,1.00,4.00,49.00,42.00,4.00,2.00
2026-04-24T13:58:00Z,1.00,4.00,49.00,42.00,4.00,1.00
2026-04-24T13:59:00Z,1.00,4.00,49.00,42.00,4.00,1.00
2026-04-24T14:01:00Z,1.00,4.00,49.00,41.00,4.00,1.00
2026-04-24T14:02:00Z,1.00,5.05,46.49,41.10,4.00,1.00
2026-04-24T14:03:00Z,1.00,5.05,47.96,42.54,4.00,1.00
2026-04-24T14:04:00Z,1.00,6.00,46.00,42.54,4.00,1.00
2026-04-24T14:05:00Z,1.00,6.00,46.41,41.26,5.00,1.00
2026-04-24T14:06:00Z,1.00,6.00,46.66,41.26,5.00,1.00
2026-04-24T14:07:00Z,1.00,6.00,48.00,41.26,5.00,1.00
2026-04-24T14:08:00Z,1.00,6.71,47.00,30.31,4.00,2.00
2026-04-24T14:09:00Z,1.00,7.00,48.00,30.31,4.00,2.00
2026-04-24T14:10:00Z,1.00,8.00,48.42,30.27,4.96,2.00
2026-04-24T14:11:00Z,1.00,7.66,48.42,35.55,4.96,2.00
2026-04-24T14:12:00Z,1.00,6.16,48.00,37.79,4.96,2.00
2026-04-24T14:13:00Z,1.00,6.16,48.25,38.00,4.96,2.00
2026-04-24T14:14:00Z,1.00,7.00,49.60,38.00,4.96,2.00
2026-04-24T14:15:00Z,1.00,7.00,50.00,38.00,4.96,2.00
2026-04-24T14:16:00Z,1.00,7.77,50.00,38.01,4.96,2.00
2026-04-24T14:17:00Z,1.00,7.77,50.00,37.00,5.00,2.00
2026-04-24T14:18:00Z,1.00,7.77,50.00,37.00,5.00,2.00
2026-04-24T14:19:00Z,1.00,7.77,50.00,36.50,5.00,2.00
2026-04-24T14:20:00Z,1.00,8.00,50.00,37.00,5.00,2.00
2026-04-24T14:21:00Z,1.00,8.00,50.00,36.50,5.00,2.00
2026-04-24T14:23:00Z,1.00,8.00,50.00,36.50,5.00,2.00
2026-04-24T14:24:00Z,1.00,8.00,50.01,36.50,5.00,2.00
2026-04-24T14:25:00Z,1.00,8.00,50.01,37.00,5.00,2.00
2026-04-24T14:26:00Z,1.00,7.00,50.01,37.00,5.00,2.00
2026-04-24T14:29:00Z,1.00,6.00,50.85,37.00,5.00,2.00
2026-04-24T14:30:00Z,1.00,6.00,50.47,37.00,4.00,1.00
2026-04-24T14:31:00Z,1.00,7.00,52.00,37.87,4.00,1.00
2026-04-24T14:32:00Z,1.00,2.26,52.00,37.87,4.00,1.00
2026-04-24T14:33:00Z,1.00,2.26,52.00,40.14,4.00,1.00
2026-04-24T14:34:00Z,1.00,1.00,52.83,38.00,4.00,1.00
2026-04-24T14:35:00Z,1.00,1.00,53.00,38.00,4.00,1.00
2026-04-24T14:36:00Z,1.00,1.00,51.00,40.83,7.00,1.00
2026-04-24T14:37:00Z,1.00,1.00,52.00,39.00,7.00,1.00
2026-04-24T14:38:00Z,1.00,1.00,52.92,40.00,7.00,1.00
2026-04-24T14:39:00Z,1.00,1.00,51.00,40.00,7.00,1.00
2026-04-24T14:40:00Z,1.00,1.00,50.53,39.00,7.00,1.00
2026-04-24T14:41:00Z,1.00,1.00,51.49,39.00,7.00,1.00
2026-04-24T14:42:00Z,1.00,1.00,54.00,42.00,4.25,1.00
2026-04-24T14:43:00Z,1.00,1.00,54.00,42.00,4.19,1.00
2026-04-24T14:44:00Z,1.00,1.00,54.00,39.00,4.00,1.00
2026-04-24T14:45:00Z,1.00,1.00,54.00,42.04,4.00,1.00
2026-04-24T14:46:00Z,1.00,1.00,54.00,40.00,4.00,1.00
2026-04-24T14:47:00Z,1.00,1.00,54.00,41.16,4.00,1.00
2026-04-24T14:48:00Z,1.00,1.00,54.00,40.00,4.00,1.00
2026-04-24T14:49:00Z,1.00,1.00,53.64,40.00,4.00,2.00
2026-04-24T14:50:00Z,1.00,1.00,54.00,40.27,6.06,2.00
2026-04-24T14:51:00Z,1.00,1.00,54.00,39.87,3.87,2.00
2026-04-24T14:52:00Z,1.00,1.00,54.00,39.00,3.87,2.00
2026-04-24T14:54:00Z,1.00,1.00,51.22,39.00,3.87,2.00
2026-04-24T14:55:00Z,1.00,1.00,51.22,41.49,3.87,2.00
2026-04-24T14:56:00Z,1.00,1.00,48.75,46.76,5.00,1.00
2026-04-24T14:57:00Z,1.00,1.00,35.22,54.41,5.66,2.00
2026-04-24T14:58:00Z,1.00,1.00,31.34,56.81,5.66,2.00
2026-04-24T14:59:00Z,1.00,1.00,35.30,57.18,5.66,2.00
2026-04-24T15:00:00Z,1.00,1.00,35.30,54.50,7.90,2.00
2026-04-24T15:01:00Z,1.00,1.00,35.85,54.95,6.08,2.00
2026-04-24T15:02:00Z,1.00,1.00,35.85,54.20,6.00,2.00
2026-04-24T15:03:00Z,1.00,1.00,37.83,50.00,6.00,2.00
2026-04-24T15:04:00Z,1.00,1.00,37.83,50.00,5.00,2.00
2026-04-24T15:05:00Z,1.00,1.00,38.31,51.58,5.00,2.00
2026-04-24T15:06:00Z,1.00,1.00,38.00,51.91,6.00,2.00
2026-04-24T15:07:00Z,1.00,1.00,38.00,51.00,6.00,2.00
2026-04-24T15:08:00Z,1.00,1.00,38.00,50.57,6.08,2.00
2026-04-24T15:09:00Z,1.00,1.00,37.80,52.21,10.00,2.00
2026-04-24T15:10:00Z,1.00,1.00,37.00,50.85,11.12,2.00
2026-04-24T15:11:00Z,1.00,1.00,36.32,50.77,9.51,2.00
2026-04-24T15:12:00Z,1.00,1.00,30.46,49.50,9.51,2.00
2026-04-24T15:13:00Z,1.00,1.00,32.00,52.32,10.71,2.00
2026-04-24T15:14:00Z,1.00,1.00,32.76,51.06,10.71,2.00
2026-04-24T15:15:00Z,1.00,1.00,32.76,50.91,11.87,2.00
2026-04-24T15:16:00Z,1.00,1.00,30.46,50.08,11.87,2.00
2026-04-24T15:17:00Z,1.00,1.00,27.00,53.93,11.87,2.00
2026-04-24T15:18:00Z,1.00,1.00,30.75,49.45,12.00,2.00
2026-04-24T15:19:00Z,1.00,1.00,30.39,48.33,12.00,2.00
2026-04-24T15:20:00Z,1.00,1.00,29.70,49.22,14.93,2.00
2026-04-24T15:21:00Z,1.00,1.00,33.00,48.00,14.62,2.00
2026-04-24T15:22:00Z,1.00,1.00,32.00,47.90,16.78,2.00
2026-04-24T15:23:00Z,1.00,1.00,32.15,45.63,16.78,2.00
2026-04-24T15:24:00Z,1.00,1.00,36.28,40.87,18.90,2.00
2026-04-24T15:25:00Z,1.00,1.00,41.90,34.48,18.66,2.00
2026-04-24T15:26:00Z,1.00,1.00,37.38,32.31,21.09,2.00
2026-04-24T15:27:00Z,1.00,1.00,41.59,35.00,21.09,2.00
2026-04-24T15:28:00Z,1.00,1.00,42.00,35.00,21.09,2.00
2026-04-24T15:29:00Z,1.00,1.00,43.35,35.00,14.95,2.00
2026-04-24T15:30:00Z,1.00,1.00,45.27,35.00,14.30,2.00
2026-04-24T15:31:00Z,1.00,1.00,42.00,41.88,14.66,2.00
2026-04-24T15:32:00Z,1.00,1.00,42.00,41.52,14.00,2.00
2026-04-24T15:33:00Z,1.00,1.00,42.00,39.00,15.00,2.00
2026-04-24T15:34:00Z,1.00,1.00,41.19,39.00,15.00,2.00
2026-04-24T15:35:00Z,1.00,1.00,43.00,39.00,13.36,2.00
2026-04-24T15:36:00Z,1.00,1.00,43.00,39.00,15.00,2.00
2026-04-24T15:37:00Z,1.00,1.00,43.00,40.00,15.00,2.00
2026-04-24T15:38:00Z,1.00,1.00,35.52,48.00,15.00,2.00
2026-04-24T15:39:00Z,1.00,1.00,33.00,48.00,13.06,2.00
2026-04-24T15:40:00Z,1.00,1.00,24.02,52.65,17.17,2.00
2026-04-24T15:41:00Z,1.00,1.00,2.23,64.73,21.23,2.00
2026-04-24T15:42:00Z,1.00,1.00,1.00,70.47,23.96,2.00
2026-04-24T15:43:00Z,1.00,1.00,1.00,77.89,24.95,2.00
2026-04-24T15:44:00Z,1.00,1.00,1.00,72.57,22.00,2.00
2026-04-24T15:45:00Z,1.00,1.00,1.00,72.00,25.19,2.00
2026-04-24T15:46:00Z,1.00,1.00,1.00,74.39,26.72,2.00
2026-04-24T15:47:00Z,1.00,1.00,1.00,74.00,26.00,2.00
2026-04-24T15:48:00Z,1.00,1.00,1.00,75.97,22.72,2.00
2026-04-24T15:49:00Z,1.00,1.00,1.00,75.97,25.00,2.00
2026-04-24T15:50:00Z,1.00,1.00,1.00,73.00,26.00,2.00
2026-04-24T15:51:00Z,1.00,1.00,1.00,78.73,22.71,2.00
2026-04-24T15:52:00Z,1.00,1.00,1.00,80.18,20.33,2.00
2026-04-24T15:53:00Z,1.00,1.00,1.00,80.18,21.63,2.00
2026-04-24T15:54:00Z,1.00,1.00,1.00,80.18,22.00,2.00
2026-04-24T15:55:00Z,1.00,1.00,1.00,76.77,22.00,2.00
2026-04-24T15:56:00Z,1.00,1.00,1.00,77.31,22.00,2.00
2026-04-24T15:57:00Z,1.00,1.00,1.00,77.31,18.94,2.00
2026-04-24T15:58:00Z,1.00,1.00,1.00,77.00,20.85,2.00
2026-04-24T15:59:00Z,1.00,1.00,1.00,78.00,20.85,2.00
2026-04-24T16:00:00Z,1.00,1.00,1.00,78.00,21.08,2.00
2026-04-24T16:01:00Z,1.00,1.00,1.00,78.00,21.00,2.00
2026-04-24T16:02:00Z,1.00,1.00,1.00,76.10,21.00,2.00
2026-04-24T16:03:00Z,1.00,1.00,1.00,76.00,24.00,2.00
2026-04-24T16:05:00Z,1.00,1.00,1.00,76.00,22.48,2.00
2026-04-24T16:07:00Z,1.00,1.00,1.00,84.50,20.40,1.00
2026-04-24T16:08:00Z,1.00,1.00,1.00,78.00,20.00,1.00
2026-04-24T16:09:00Z,1.00,1.00,1.00,78.00,15.92,1.00
2026-04-24T16:10:00Z,1.00,1.00,1.00,80.12,15.92,1.00
2026-04-24T16:11:00Z,1.00,1.00,1.00,79.08,14.04,2.00
2026-04-24T16:12:00Z,1.00,1.00,1.00,79.00,14.04,2.00
2026-04-24T16:13:00Z,1.00,1.00,1.00,79.00,14.04,2.00
2026-04-24T16:14:00Z,1.00,1.00,1.00,82.44,14.04,2.00
2026-04-24T16:15:00Z,1.00,1.00,1.00,82.44,15.00,2.00
2026-04-24T16:16:00Z,1.00,1.00,1.00,84.00,13.01,2.00
2026-04-24T16:17:00Z,1.00,1.00,1.00,84.00,13.01,2.00
2026-04-24T16:18:00Z,1.00,1.00,1.00,83.00,13.01,2.00
2026-04-24T16:20:00Z,1.00,1.00,1.00,83.11,11.11,1.09
2026-04-24T16:21:00Z,1.00,1.00,1.00,84.00,12.32,1.09
2026-04-24T16:22:00Z,1.00,1.00,1.00,82.06,13.98,1.09
2026-04-24T16:23:00Z,1.00,1.00,1.00,84.00,11.00,1.00
2026-04-24T16:24:00Z,1.00,1.00,1.00,84.00,14.00,1.00
2026-04-24T16:25:00Z,1.00,1.00,1.00,84.25,14.00,1.00
2026-04-24T16:26:00Z,1.00,1.00,1.00,85.00,14.00,1.00
2026-04-24T16:27:00Z,1.00,1.00,1.00,85.00,14.00,1.00
2026-04-24T16:28:00Z,1.00,1.00,1.00,85.78,14.00,1.00
2026-04-24T16:29:00Z,1.00,1.00,1.00,82.95,14.00,1.00
2026-04-24T16:30:00Z,1.00,1.00,1.00,81.66,14.00,1.00
2026-04-24T16:31:00Z,1.00,1.00,1.00,84.00,14.55,1.00
2026-04-24T16:32:00Z,1.00,1.00,1.00,85.65,15.00,1.00
2026-04-24T16:33:00Z,1.00,1.00,1.00,83.00,15.00,1.00
2026-04-24T16:35:00Z,1.00,1.00,1.00,86.00,15.00,1.00
2026-04-24T16:36:00Z,1.00,1.00,1.00,84.65,14.00,1.00
2026-04-24T16:37:00Z,1.00,1.00,1.00,83.35,14.84,1.00
2026-04-24T16:38:00Z,1.00,1.00,1.00,83.69,14.00,1.00
2026-04-24T16:40:00Z,1.00,1.00,1.00,83.69,16.00,1.00
2026-04-24T16:42:00Z,1.00,1.00,1.00,83.44,13.00,1.00
2026-04-24T16:43:00Z,1.00,1.00,1.00,82.09,13.00,1.00
2026-04-24T16:44:00Z,1.00,1.00,1.00,83.00,15.00,1.00
2026-04-24T16:45:00Z,1.00,1.00,1.00,81.40,15.00,1.00
2026-04-24T16:46:00Z,1.00,1.00,1.00,85.00,15.00,1.00
2026-04-24T16:47:00Z,1.00,1.00,1.00,85.00,15.00,1.00
2026-04-24T16:48:00Z,1.00,1.00,1.00,85.00,13.94,1.00
2026-04-24T16:49:00Z,1.00,1.00,1.00,80.58,15.82,1.00
2026-04-24T16:50:00Z,1.00,1.00,1.00,81.00,15.82,1.00
2026-04-24T16:51:00Z,1.00,1.00,1.00,81.00,15.82,1.00
2026-04-24T16:52:00Z,1.00,1.00,1.00,81.00,19.00,1.00
2026-04-24T16:53:00Z,1.00,1.00,1.00,84.81,19.00,1.00
2026-04-24T16:54:00Z,1.00,1.00,1.00,87.76,15.16,1.00
2026-04-24T16:55:00Z,1.00,1.00,1.00,82.00,21.00,1.00
2026-04-24T16:57:00Z,1.00,1.00,1.00,84.82,13.80,1.00
2026-04-24T16:58:00Z,1.00,1.00,1.00,88.00,14.73,1.00
2026-04-24T16:59:00Z,1.00,1.00,1.00,89.00,14.73,1.00
2026-04-24T17:01:00Z,1.00,1.00,1.00,90.02,9.00,1.00
2026-04-24T17:02:00Z,1.00,1.00,1.00,90.95,11.00,1.00
2026-04-24T17:03:00Z,1.00,1.00,1.00,90.00,11.00,1.00
2026-04-24T17:04:00Z,1.00,1.00,1.00,89.25,11.00,1.00
2026-04-24T17:06:00Z,1.00,1.00,1.00,91.53,10.84,1.00
2026-04-24T17:07:00Z,1.00,1.00,1.00,93.16,9.00,1.00
2026-04-24T17:08:00Z,1.00,1.00,1.00,93.00,9.00,1.00
2026-04-24T17:09:00Z,1.00,1.00,1.00,94.00,9.00,1.00
2026-04-24T17:10:00Z,1.00,1.00,1.00,93.00,9.65,1.00
2026-04-24T17:11:00Z,1.00,1.00,1.00,93.00,8.00,1.00
2026-04-24T17:12:00Z,1.00,1.00,1.00,93.00,8.00,1.00
2026-04-24T17:13:00Z,1.00,1.00,1.00,92.53,6.00,1.00
2026-04-24T17:14:00Z,1.00,1.00,1.00,92.53,9.00,1.00
2026-04-24T17:15:00Z,1.00,1.00,1.00,91.95,9.00,1.00
2026-04-24T17:16:00Z,1.00,1.00,1.00,91.86,9.00,1.00
2026-04-24T17:17:00Z,1.00,1.00,1.00,93.00,9.00,1.00
2026-04-24T17:18:00Z,1.00,1.00,1.00,94.00,9.92,1.00
2026-04-24T17:19:00Z,1.00,1.00,1.00,94.00,6.25,1.00
2026-04-24T17:21:00Z,1.00,1.00,1.00,94.00,10.00,1.00
2026-04-24T17:22:00Z,1.00,1.00,1.00,92.50,11.62,1.00
2026-04-24T17:26:00Z,1.00,1.00,1.00,89.00,11.62,1.00
2026-04-24T17:27:00Z,1.00,1.00,1.00,89.00,8.82,1.00
2026-04-24T17:28:00Z,1.00,1.00,1.00,89.00,9.80,1.00
2026-04-24T17:30:00Z,1.00,1.00,1.00,89.00,9.80,1.00
2026-04-24T17:32:00Z,1.00,1.00,1.00,89.00,9.00,1.00
2026-04-24T17:33:00Z,1.00,1.00,1.00,91.00,9.00,1.00
2026-04-24T17:34:00Z,1.00,1.00,1.00,93.00,7.00,1.00
2026-04-24T17:35:00Z,1.00,1.00,1.00,93.97,8.78,1.00
2026-04-24T17:36:00Z,1.00,1.00,1.00,93.97,8.78,1.00
2026-04-24T17:37:00Z,1.00,1.00,1.00,93.00,8.78,1.00
2026-04-24T17:38:00Z,1.00,1.00,1.00,93.00,8.78,1.00
2026-04-24T17:39:00Z,1.00,1.00,1.00,94.92,8.78,1.00
2026-04-24T17:40:00Z,1.00,1.00,1.00,91.11,8.68,1.00
2026-04-24T17:42:00Z,1.00,1.00,1.00,92.00,6.00,1.00
2026-04-24T17:43:00Z,1.00,1.00,1.00,92.23,6.00,1.00
2026-04-24T17:44:00Z,1.00,1.00,1.00,92.23,8.00,1.00
2026-04-24T17:45:00Z,1.00,1.00,1.00,94.32,6.00,1.00
2026-04-24T17:46:00Z,1.00,1.00,1.00,95.00,6.00,1.00
2026-04-24T17:47:00Z,1.00,1.00,1.00,92.00,6.00,1.00
2026-04-24T17:48:00Z,1.00,1.00,1.00,92.50,8.60,1.00
2026-04-24T17:49:00Z,1.00,1.00,1.00,91.35,5.00,1.00
2026-04-24T17:50:00Z,1.00,1.00,1.00,94.70,5.00,1.00
2026-04-24T17:51:00Z,1.00,1.00,1.00,96.48,5.00,1.00
2026-04-24T17:52:00Z,1.00,1.00,1.00,94.77,6.44,1.00
2026-04-24T17:53:00Z,1.00,1.00,1.00,94.00,5.26,1.00
2026-04-24T17:54:00Z,1.00,1.00,1.00,94.11,5.00,1.00
2026-04-24T17:55:00Z,1.00,1.00,1.00,92.50,5.00,1.00
2026-04-24T17:56:00Z,1.00,1.00,1.00,94.00,5.00,1.00
2026-04-24T17:57:00Z,1.00,1.00,1.00,95.20,5.00,1.00
2026-04-24T17:58:00Z,1.00,1.00,1.00,92.21,8.00,1.00
2026-04-24T17:59:00Z,1.00,1.00,1.00,91.11,6.00,1.00
2026-04-24T18:00:00Z,1.00,1.00,1.00,93.36,6.00,1.00
2026-04-24T18:01:00Z,1.00,1.00,1.00,93.99,6.00,1.23
2026-04-24T18:02:00Z,1.00,1.00,1.00,94.00,7.58,1.00
2026-04-24T18:03:00Z,1.00,1.00,1.00,93.54,9.21,1.00
2026-04-24T18:04:00Z,1.00,1.00,1.00,93.54,7.36,1.00
2026-04-24T18:05:00Z,1.00,1.00,1.00,94.25,7.36,1.00
2026-04-24T18:07:00Z,1.00,1.00,1.00,94.25,7.00,1.00
2026-04-24T18:09:00Z,1.00,1.00,1.00,92.34,7.00,1.00
2026-04-24T18:12:00Z,1.00,1.00,1.00,90.11,7.00,1.41
2026-04-24T18:13:00Z,1.00,1.00,1.00,89.00,7.00,1.41
2026-04-24T18:14:00Z,1.00,1.00,1.00,89.00,11.00,1.41
2026-04-24T18:16:00Z,1.00,1.00,1.00,89.00,10.00,1.41
2026-04-24T18:17:00Z,1.00,1.00,1.00,89.15,13.40,1.41
2026-04-24T18:18:00Z,1.00,1.00,1.00,90.00,13.04,1.41
2026-04-24T18:19:00Z,1.00,1.00,1.00,90.00,12.00,1.41
2026-04-24T18:20:00Z,1.00,1.00,1.00,91.55,10.62,1.41
2026-04-24T18:21:00Z,1.00,1.00,1.00,90.55,8.00,1.41
2026-04-24T18:22:00Z,1.00,1.00,1.00,90.55,6.00,1.41
2026-04-24T18:23:00Z,1.00,1.00,1.00,90.55,6.00,1.41
2026-04-24T18:24:00Z,1.00,1.00,1.00,93.32,6.00,1.41
2026-04-24T18:25:00Z,1.00,1.00,1.00,93.32,6.55,1.41
2026-04-24T18:26:00Z,1.00,1.00,1.00,93.00,6.55,1.41
2026-04-24T18:28:00Z,1.00,1.00,1.00,93.00,5.04,1.41
2026-04-24T18:29:00Z,1.00,1.00,1.00,91.40,5.04,1.41
2026-04-24T18:31:00Z,1.00,1.00,1.00,92.00,5.04,1.41
2026-04-24T18:32:00Z,1.00,1.00,1.00,92.00,11.00,1.41
2026-04-24T18:35:00Z,1.00,1.00,1.00,94.00,11.00,1.41
2026-04-24T18:36:00Z,1.00,1.00,1.00,93.94,11.00,1.41
2026-04-24T18:37:00Z,1.00,1.00,1.00,95.00,4.20,1.41
2026-04-24T18:38:00Z,1.00,1.00,1.00,95.00,5.02,1.41
2026-04-24T18:39:00Z,1.00,1.00,1.00,94.22,5.02,1.41
2026-04-24T18:40:00Z,1.00,1.00,1.00,94.22,6.00,1.41
2026-04-24T18:43:00Z,1.00,1.00,1.00,91.89,6.00,1.41
2026-04-24T18:44:00Z,1.00,1.00,1.00,91.89,8.00,1.41
2026-04-24T18:45:00Z,1.00,1.00,1.00,91.00,6.47,1.41
2026-04-24T18:46:00Z,1.00,1.00,1.00,89.80,11.14,1.41
2026-04-24T18:48:00Z,1.00,1.00,1.00,90.00,11.14,1.41
2026-04-24T18:50:00Z,1.00,1.00,1.00,90.00,12.49,1.41
2026-04-24T18:52:00Z,1.00,1.00,1.00,90.00,12.27,1.41
2026-04-24T18:53:00Z,1.00,1.00,1.00,90.00,11.45,1.41
2026-04-24T18:54:00Z,1.00,1.00,1.00,90.00,13.47,1.41
2026-04-24T18:55:00Z,1.00,1.00,1.00,90.00,10.04,1.41
2026-04-24T18:56:00Z,1.00,1.00,1.00,90.00,10.03,1.41
2026-04-24T18:58:00Z,1.00,1.00,1.00,91.00,10.03,1.41
2026-04-24T18:59:00Z,1.00,1.00,1.00,90.50,10.03,1.41
2026-04-24T19:01:00Z,1.00,1.00,1.00,90.00,11.00,1.41
2026-04-24T19:02:00Z,1.00,1.00,1.00,91.00,8.00,1.41
2026-04-24T19:03:00Z,1.00,1.00,1.00,87.54,9.00,1.41
2026-04-24T19:04:00Z,1.00,1.00,1.00,87.15,9.00,1.41
2026-04-24T19:05:00Z,1.00,1.00,1.00,86.16,9.00,1.41
2026-04-24T19:06:00Z,1.00,1.00,1.00,90.00,9.00,1.41
2026-04-24T19:08:00Z,1.00,1.00,1.00,18.74,72.30,1.97
2026-04-24T19:09:00Z,1.00,1.00,1.00,1.00,98.33,3.00
2026-04-24T19:10:00Z,1.00,1.00,1.00,1.00,97.12,3.35
2026-04-24T19:11:00Z,1.00,1.00,1.00,1.00,98.02,3.00
2026-04-24T19:12:00Z,1.00,1.00,1.00,1.00,97.00,3.00
2026-04-24T19:13:00Z,1.00,1.00,1.00,1.00,96.95,3.00
2026-04-24T19:14:00Z,1.00,1.00,1.00,1.00,96.95,4.00
2026-04-24T19:15:00Z,1.00,1.00,1.00,1.00,94.00,4.00
2026-04-24T19:16:00Z,1.00,1.00,1.00,1.00,93.08,4.00
2026-04-24T19:17:00Z,1.00,1.00,1.00,1.00,94.57,4.00
2026-04-24T19:18:00Z,1.00,1.00,1.00,1.00,93.75,4.00
2026-04-24T19:19:00Z,1.00,1.00,1.00,1.00,79.03,4.00
2026-04-24T19:20:00Z,1.00,1.00,1.00,1.00,96.49,5.00
2026-04-24T19:21:00Z,1.00,1.00,1.00,1.00,95.07,5.00
2026-04-24T19:22:00Z,1.00,1.00,1.00,1.00,95.07,4.00
2026-04-24T19:23:00Z,1.00,1.00,1.00,1.00,95.97,4.00
2026-04-24T19:24:00Z,1.00,1.00,1.00,1.00,95.97,5.00
2026-04-24T19:25:00Z,1.00,1.00,1.00,1.00,98.15,1.92
2026-04-24T19:26:00Z,1.00,1.00,1.00,1.00,97.04,2.12
2026-04-24T19:27:00Z,1.00,1.00,1.00,1.00,98.84,3.90
2026-04-24T19:28:00Z,1.00,1.00,1.00,1.00,98.84,1.00
2026-04-24T19:29:00Z,1.00,1.00,1.00,1.00,96.46,1.00
2026-04-24T19:30:00Z,1.00,1.00,1.00,1.00,98.00,1.00
2026-04-24T19:31:00Z,1.00,1.00,1.00,1.00,97.89,1.00
2026-04-24T19:32:00Z,1.00,1.00,1.00,1.00,97.89,4.04
2026-04-24T19:33:00Z,1.00,1.00,1.00,1.00,97.89,4.04
2026-04-24T19:34:00Z,1.00,1.00,1.00,1.00,97.16,4.04
2026-04-24T19:35:00Z,1.00,1.00,1.00,1.00,97.16,2.58
2026-04-24T19:36:00Z,1.00,1.00,1.00,1.00,98.00,2.58
2026-04-24T19:37:00Z,1.00,1.00,1.00,1.00,98.06,2.00
2026-04-24T19:38:00Z,1.00,1.00,1.00,1.00,98.11,2.00
2026-04-24T19:39:00Z,1.00,1.00,1.00,1.00,98.11,1.00
2026-04-24T19:40:00Z,1.00,1.00,1.00,1.00,98.07,1.82
2026-04-24T19:43:00Z,1.00,1.00,1.00,1.00,99.00,1.82
2026-04-24T19:44:00Z,1.00,1.00,1.00,1.00,98.62,1.00
2026-04-24T19:45:00Z,1.00,1.00,1.00,1.00,98.62,1.00
2026-04-24T19:46:00Z,1.00,1.00,1.00,1.00,99.00,1.00
2026-04-24T19:47:00Z,1.00,1.00,1.00,1.00,99.00,1.29
2026-04-24T19:49:00Z,1.00,1.00,1.00,1.00,99.00,1.29
2026-04-24T19:50:00Z,1.00,1.00,1.00,1.00,98.07,1.29
2026-04-24T19:51:00Z,1.00,1.00,1.00,1.00,99.00,1.29
2026-04-24T19:52:00Z,1.00,1.00,1.00,1.00,98.00,1.00
2026-04-24T19:53:00Z,1.00,1.00,1.00,1.00,98.00,1.00
2026-04-24T19:55:00Z,1.00,1.00,1.00,1.00,98.02,1.00
2026-04-24T19:56:00Z,1.00,1.00,1.00,1.00,98.00,1.00
2026-04-24T19:57:00Z,1.00,1.00,1.00,1.00,98.00,1.00
2026-04-24T19:58:00Z,1.00,1.00,1.00,1.00,98.66,1.00
2026-04-24T19:59:00Z,1.00,1.00,1.00,1.00,98.66,2.00
2026-04-24T20:00:00Z,1.00,1.00,1.00,1.00,98.66,1.00
2026-04-24T20:01:00Z,1.00,1.00,1.00,1.00,98.66,1.00
2026-04-24T20:02:00Z,1.00,1.00,1.00,1.00,98.00,1.00
2026-04-24T20:03:00Z,1.00,1.00,1.00,1.00,98.00,1.00
2026-04-24T20:04:00Z,1.00,1.00,1.00,1.00,98.00,1.00
2026-04-24T20:05:00Z,1.00,1.00,1.00,1.00,98.00,1.00
2026-04-24T20:06:00Z,1.00,1.00,1.00,1.00,98.00,1.00
2026-04-24T20:08:00Z,1.00,1.00,1.00,1.00,99.00,1.00
2026-04-24T20:09:00Z,1.00,1.00,1.00,1.00,99.00,1.00
2026-04-24T20:10:00Z,1.00,1.00,1.00,1.00,99.00,1.00
2026-04-24T20:11:00Z,1.00,1.00,1.00,1.00,99.00,1.00
2026-04-24T20:13:00Z,1.00,1.00,1.00,1.00,99.00,1.00
2026-04-24T20:17:00Z,1.00,1.00,1.00,1.00,99.00,1.00
2026-04-24T20:18:00Z,1.00,1.00,1.00,1.00,99.00,1.00
2026-04-24T20:20:00Z,1.00,1.00,1.00,1.00,99.00,1.00
2026-04-24T20:25:00Z,1.00,1.00,1.00,1.00,99.00,1.00
2026-04-24T20:29:00Z,1.00,1.00,1.00,1.00,99.00,1.00
2026-04-24T20:30:00Z,1.00,1.00,1.00,1.00,99.00,1.00
2026-04-24T20:31:00Z,1.00,1.00,1.00,1.00,99.00,1.00
2026-04-24T20:32:00Z,1.00,1.00,1.00,1.00,99.00,1.00
2026-04-24T20:33:00Z,1.00,1.00,1.00,1.00,99.00,1.00
2026-04-24T20:34:00Z,1.00,1.00,1.00,1.00,99.00,1.00
2026-04-24T20:35:00Z,1.00,1.00,1.00,1.00,99.00,1.00
2026-04-24T20:36:00Z,1.00,1.00,1.00,1.00,99.00,1.00
2026-04-24T20:37:00Z,1.00,1.00,1.00,1.00,99.00,1.00
2026-04-24T20:38:00Z,1.00,1.00,1.00,1.00,99.00,1.00
2026-04-24T20:40:00Z,1.00,1.00,1.00,1.00,99.00,1.00
2026-04-24T20:42:00Z,1.00,1.00,1.00,1.00,99.00,1.00
2026-04-24T20:47:00Z,1.00,1.00,1.00,1.00,99.00,1.00
2026-04-24T20:48:00Z,1.00,1.00,1.00,1.00,99.00,1.00
2026-04-24T20:49:00Z,1.00,1.00,1.00,1.00,99.00,1.00
2026-04-24T20:50:00Z,1.00,1.00,1.00,1.00,99.00,1.00
2026-04-24T20:53:00Z,1.00,1.00,1.00,1.00,99.00,1.00
2026-04-24T20:55:00Z,1.00,1.00,1.00,1.00,99.00,1.00
2026-04-24T20:56:00Z,1.00,1.00,1.00,1.00,99.00,1.00
2026-04-24T20:58:00Z,1.00,1.00,1.00,1.00,99.00,1.00
2026-04-24T21:00:00Z,1.00,1.00,1.00,1.00,99.00,1.00
2026-04-24T21:01:00Z,1.00,1.00,1.00,1.00,99.00,1.00
2026-04-24T21:02:00Z,1.00,1.00,1.00,1.00,99.00,1.00
2026-04-24T21:03:00Z,1.00,1.00,1.00,1.00,99.00,1.00
2026-04-24T21:04:00Z,1.00,1.00,1.00,1.00,99.00,1.00
2026-04-24T21:05:00Z,1.00,1.00,1.00,1.00,99.00,1.00
2026-04-24T21:07:00Z,1.00,1.00,1.00,1.00,99.00,1.00
2026-04-24T21:09:00Z,1.00,1.00,1.00,1.00,99.00,1.00
2026-04-24T21:10:00Z,1.00,1.00,1.00,1.00,99.00,1.00
2026-04-24T21:11:00Z,1.00,1.00,1.00,1.00,99.00,1.00
2026-04-24T21:13:00Z,1.00,1.00,1.00,1.00,99.00,1.00
2026-04-24T21:14:00Z,1.00,1.00,1.00,1.00,99.00,1.00
2026-04-24T21:15:00Z,1.00,1.00,1.00,1.00,99.00,1.00
2026-04-24T21:16:00Z,1.00,1.00,1.00,1.00,99.00,1.00
2026-04-24T21:17:00Z,1.00,1.00,1.00,1.00,99.00,1.00
2026-04-24T21:18:00Z,1.00,1.00,1.00,1.00,99.00,1.00
2026-04-24T21:19:00Z,1.00,1.00,1.00,1.00,99.00,1.00
2026-04-24T21:20:00Z,1.00,1.00,1.00,1.00,99.00,1.00
2026-04-24T21:21:00Z,1.00,1.00,1.00,1.00,99.00,1.00
2026-04-24T21:22:00Z,1.00,1.00,1.00,1.00,99.00,1.00
2026-04-24T21:23:00Z,1.00,1.00,1.00,1.00,99.00,1.00
2026-04-24T21:25:00Z,1.00,1.00,1.00,1.00,99.00,1.00
2026-04-24T21:26:00Z,1.00,1.00,1.00,1.00,99.00,1.00
2026-04-24T21:28:00Z,1.00,1.00,1.00,1.00,99.00,1.00
2026-04-24T21:32:00Z,1.00,1.00,1.00,1.00,99.00,1.00
2026-04-24T21:34:00Z,1.00,1.00,1.00,1.00,99.00,1.00
2026-04-24T21:35:00Z,1.00,1.00,1.00,1.00,99.00,1.00
2026-04-24T21:38:00Z,1.00,1.00,1.00,1.00,99.00,1.00
2026-04-24T21:40:00Z,1.00,1.00,1.00,1.00,99.00,1.00
2026-04-24T21:41:00Z,1.00,1.00,1.00,1.00,99.00,1.00
2026-04-24T21:43:00Z,1.00,1.00,1.00,1.00,99.00,1.00
2026-04-24T21:44:00Z,1.00,1.00,1.00,1.00,99.00,1.00
2026-04-24T21:47:00Z,1.00,1.00,1.00,1.00,99.00,1.00
2026-04-24T21:48:00Z,1.00,1.00,1.00,1.00,99.00,1.00
2026-04-24T21:54:00Z,1.00,1.00,1.00,1.00,99.00,1.00
2026-04-24T22:00:00Z,1.00,1.00,1.00,1.00,99.00,1.00
2026-04-24T22:15:00Z,1.00,1.00,1.00,1.00,99.00,1.00
2026-04-24T22:16:00Z,1.00,1.00,1.00,1.00,99.00,1.00
2026-04-24T22:20:00Z,1.00,1.00,1.00,1.00,99.00,1.00
2026-04-24T22:21:00Z,1.00,1.00,1.00,1.00,99.00,1.00
2026-04-24T22:23:00Z,1.00,1.00,1.00,1.00,99.00,1.00
2026-04-24T22:24:00Z,1.00,1.00,1.00,1.00,99.00,1.00
2026-04-24T22:25:00Z,1.00,1.00,1.00,1.00,99.00,1.00
2026-04-24T22:26:00Z,1.00,1.00,1.00,1.00,99.00,1.00
2026-04-24T22:28:00Z,1.00,1.00,1.00,1.00,99.00,1.00
2026-04-24T22:34:00Z,1.00,1.00,1.00,1.00,99.00,1.00
2026-04-24T22:35:00Z,1.00,1.00,1.00,1.00,99.00,1.00
2026-04-24T22:46:00Z,1.00,1.00,1.00,1.00,99.00,1.00
2026-04-24T22:49:00Z,1.00,1.00,1.00,1.00,99.00,1.00
2026-04-24T22:52:00Z,1.00,1.00,1.00,1.00,99.00,1.00
2026-04-24T22:55:00Z,1.00,1.00,1.00,1.00,99.00,1.00
2026-04-24T23:01:00Z,1.00,1.00,1.00,1.00,99.00,1.00
2026-04-24T23:08:00Z,1.00,1.00,1.00,1.00,99.00,1.00
2026-04-24T23:09:00Z,1.00,1.00,1.00,1.00,99.00,1.00
2026-04-24T23:11:00Z,1.00,1.00,1.00,1.00,99.00,1.00
2026-04-24T23:12:00Z,1.00,1.00,1.00,1.00,99.00,1.00
2026-04-24T23:13:00Z,1.00,1.00,1.00,1.00,99.00,1.00
2026-04-24T23:23:00Z,1.00,1.00,1.00,1.00,99.00,1.00
2026-04-24T23:24:00Z,1.00,1.00,1.00,1.00,99.00,1.00
2026-04-24T23:29:00Z,1.00,1.00,1.00,1.00,99.00,1.00
2026-04-24T23:31:00Z,1.00,1.00,1.00,1.00,99.00,1.00
2026-04-24T23:34:00Z,1.00,1.00,1.00,1.00,99.00,1.00
2026-04-24T23:35:00Z,1.00,1.00,1.00,1.00,99.00,1.00
2026-04-24T23:38:00Z,1.00,1.00,1.00,1.00,99.00,1.00
2026-04-24T23:40:00Z,1.00,1.00,1.00,1.00,99.00,1.00
2026-04-24T23:41:00Z,1.00,1.00,1.00,1.00,99.00,1.00
2026-04-24T23:44:00Z,1.00,1.00,1.00,1.00,99.00,1.00
2026-04-24T23:56:00Z,1.00,1.00,1.00,1.00,99.00,1.00
2026-04-25T00:00:00Z,1.00,1.00,1.00,1.00,99.00,1.00
2026-04-25T00:04:00Z,1.00,1.00,1.00,1.00,99.00,1.00
2026-04-25T00:05:00Z,1.00,1.00,1.00,1.00,99.00,1.00
2026-04-25T00:06:00Z,1.00,1.00,1.00,1.00,99.00,1.00
2026-04-25T00:07:00Z,1.00,1.00,1.00,1.00,99.00,1.00
2026-04-25T00:11:00Z,1.00,1.00,1.00,1.00,99.00,1.00
2026-04-25T00:13:00Z,1.00,1.00,1.00,1.00,99.00,1.00
2026-04-25T00:16:00Z,1.00,1.00,1.00,1.00,99.00,1.00
2026-04-25T00:17:00Z,1.00,1.00,1.00,1.00,99.00,1.00
2026-04-25T00:20:00Z,1.00,1.00,1.00,1.00,99.00,1.00
2026-04-25T00:24:00Z,1.00,1.00,1.00,1.00,99.00,1.00
2026-04-25T00:34:00Z,1.00,1.00,1.00,1.00,99.00,1.00
2026-04-25T00:38:00Z,1.00,1.00,1.00,1.00,99.00,1.00
2026-04-25T00:41:00Z,1.00,1.00,1.00,1.00,99.00,1.00
2026-04-25T00:42:00Z,1.00,1.00,1.00,1.00,99.00,1.00
2026-04-25T00:51:00Z,1.00,1.00,1.00,1.00,99.00,1.00
2026-04-25T00:54:00Z,1.00,1.00,1.00,1.00,99.00,1.00
2026-04-25T01:03:00Z,1.00,1.00,1.00,1.00,99.00,1.00
2026-04-25T01:07:00Z,1.00,1.00,1.00,1.00,99.00,1.00
2026-04-25T01:10:00Z,1.00,1.00,1.00,1.00,99.00,1.00
2026-04-25T01:11:00Z,1.00,1.00,1.00,1.00,99.00,1.00
2026-04-25T01:13:00Z,1.00,1.00,1.00,1.00,99.00,1.00
2026-04-25T01:18:00Z,1.00,1.00,1.00,1.00,99.00,1.00
2026-04-25T01:21:00Z,1.00,1.00,1.00,1.00,99.00,1.00
2026-04-25T01:23:00Z,1.00,1.00,1.00,1.00,99.00,1.00
2026-04-25T01:25:00Z,1.00,1.00,1.00,1.00,99.00,1.00
2026-04-25T01:31:00Z,1.00,1.00,1.00,1.00,99.00,1.00
2026-04-25T01:33:00Z,1.00,1.00,1.00,1.00,99.00,1.00
2026-04-25T01:40:00Z,1.00,1.00,1.00,1.00,99.00,1.00
2026-04-25T01:43:00Z,1.00,1.00,1.00,1.00,99.00,1.00
2026-04-25T01:44:00Z,1.00,1.00,1.00,1.00,99.00,1.00
2026-04-25T01:50:00Z,1.00,1.00,1.00,1.00,99.00,1.00
2026-04-25T01:51:00Z,1.00,1.00,1.00,1.00,99.00,1.00
2026-04-25T01:52:00Z,1.00,1.00,1.00,1.00,99.00,1.00
2026-04-25T01:54:00Z,1.00,1.00,1.00,1.00,99.00,1.00
2026-04-25T01:55:00Z,1.00,1.00,1.00,1.00,99.00,1.00
2026-04-25T01:59:00Z,1.00,1.00,1.00,1.00,99.00,1.00
2026-04-25T02:07:00Z,1.00,1.00,1.00,1.00,99.00,1.00
2026-04-25T02:10:00Z,1.00,1.00,1.00,1.00,99.00,1.00
2026-04-25T02:11:00Z,1.00,1.00,1.00,1.00,99.00,1.00
2026-04-25T02:17:00Z,1.00,1.00,1.00,1.00,99.00,1.00
2026-04-25T02:27:00Z,1.00,1.00,1.00,1.00,99.00,1.00
2026-04-25T02:35:00Z,1.00,1.00,1.00,1.00,99.00,1.00
2026-04-25T02:36:00Z,1.00,1.00,1.00,1.00,99.00,1.00
2026-04-25T02:37:00Z,1.00,1.00,1.00,1.00,99.00,1.00
2026-04-25T02:38:00Z,1.00,1.00,1.00,1.00,99.00,1.00
2026-04-25T02:39:00Z,1.00,1.00,1.00,1.00,99.00,1.00
2026-04-25T02:40:00Z,1.00,1.00,1.00,1.00,99.00,1.00
2026-04-25T02:44:00Z,1.00,1.00,1.00,1.00,99.00,1.00
2026-04-25T02:45:00Z,1.00,1.00,1.00,1.00,99.00,1.00
2026-04-25T02:46:00Z,1.00,1.00,1.00,1.00,99.00,1.00
2026-04-25T02:54:00Z,1.00,1.00,1.00,1.00,99.00,1.00
2026-04-25T02:56:00Z,1.00,1.00,1.00,1.00,99.00,1.00
2026-04-25T02:57:00Z,1.00,1.00,1.00,1.00,99.00,1.00
2026-04-25T03:06:00Z,1.00,1.00,1.00,1.00,99.00,1.00
2026-04-25T03:11:00Z,1.00,1.00,1.00,1.00,99.00,1.00
2026-04-25T03:13:00Z,1.00,1.00,1.00,1.00,99.00,1.00
2026-04-25T03:14:00Z,1.00,1.00,1.00,1.00,99.00,1.00
2026-04-25T03:16:00Z,1.00,1.00,1.00,1.00,99.00,1.00
2026-04-25T03:17:00Z,1.00,1.00,1.00,1.00,99.00,1.00
2026-04-25T03:19:00Z,1.00,1.00,1.00,1.00,99.00,1.00
2026-04-25T03:21:00Z,1.00,1.00,1.00,1.00,99.00,1.00
2026-04-25T03:24:00Z,1.00,1.00,1.00,1.00,99.00,1.00
2026-04-25T03:25:00Z,1.00,1.00,1.00,1.00,99.00,1.00
2026-04-25T03:26:00Z,1.00,1.00,1.00,1.00,99.00,1.00
2026-04-25T03:29:00Z,1.00,1.00,1.00,1.00,99.00,1.00
2026-04-25T03:30:00Z,1.00,1.00,1.00,1.00,99.00,1.00
2026-04-25T03:38:00Z,1.00,1.00,1.00,1.00,99.00,1.00
2026-04-25T03:40:00Z,1.00,1.00,1.00,1.00,99.00,1.00
2026-04-25T03:41:00Z,1.00,1.00,1.00,1.00,99.00,1.00
2026-04-25T03:44:00Z,1.00,1.00,1.00,1.00,99.00,1.00
2026-04-25T03:45:00Z,1.00,1.00,1.00,1.00,99.00,1.00
2026-04-25T03:46:00Z,1.00,1.00,1.00,1.00,99.00,1.00
2026-04-25T03:50:00Z,1.00,1.00,1.00,1.00,99.00,1.00
2026-04-25T03:59:00Z,1.00,1.00,1.00,1.00,99.00,1.00
2026-04-25T04:01:00Z,1.00,1.00,1.00,1.00,99.00,1.00
2026-04-25T04:03:00Z,1.00,1.00,1.00,1.00,99.00,1.00
2026-04-25T04:04:00Z,1.00,1.00,1.00,1.00,99.00,1.00
2026-04-25T04:08:00Z,1.00,1.00,1.00,1.00,99.00,1.00
2026-04-25T04:13:00Z,1.00,1.00,1.00,1.00,99.00,1.00
2026-04-25T04:20:00Z,1.00,1.00,1.00,1.00,99.00,1.00
2026-04-25T04:21:00Z,1.00,1.00,1.00,1.00,99.00,1.00
2026-04-25T04:23:00Z,1.00,1.00,1.00,1.00,99.00,1.00
2026-04-25T04:29:00Z,1.00,1.00,1.00,1.00,99.00,1.00
2026-04-25T04:40:00Z,1.00,1.00,1.00,1.00,99.00,1.00
2026-04-25T04:41:00Z,1.00,1.00,1.00,1.00,99.00,1.00
2026-04-25T04:42:00Z,1.00,1.00,1.00,1.00,99.00,1.00
2026-04-25T04:43:00Z,1.00,1.00,1.00,1.00,99.00,1.00
2026-04-25T04:44:00Z,1.00,1.00,1.00,1.00,99.00,1.00
2026-04-25T04:47:00Z,1.00,1.00,1.00,1.00,99.00,1.00
2026-04-25T04:50:00Z,1.00,1.00,1.00,1.00,99.00,1.00