timestamp,86° or below,87° to 88°,89° to 90°,91° to 92°,93° to 94°,95° or above
2026-05-01T14:01:00Z,5.00,,,,,
2026-05-01T14:02:00Z,5.00,,,,26.00,
2026-05-01T14:03:00Z,5.00,,,26.66,41.00,
2026-05-01T14:04:00Z,3.80,2.00,2.00,30.00,41.33,33.00
2026-05-01T14:05:00Z,2.00,2.00,2.00,34.20,55.55,33.00
2026-05-01T14:06:00Z,4.97,2.00,2.00,30.00,41.00,29.00
2026-05-01T14:08:00Z,4.97,2.00,2.00,30.00,41.00,29.00
2026-05-01T14:09:00Z,2.00,2.00,2.00,25.00,40.00,29.00
2026-05-01T14:10:00Z,2.00,2.00,2.00,25.00,40.00,29.00
2026-05-01T14:11:00Z,2.00,2.00,2.00,20.19,40.80,35.14
2026-05-01T14:12:00Z,2.00,5.00,5.00,17.00,40.00,40.00
2026-05-01T14:13:00Z,2.00,5.00,5.00,16.00,40.00,38.94
2026-05-01T14:14:00Z,2.00,5.00,5.00,16.00,40.00,40.00
2026-05-01T14:15:00Z,2.00,5.00,5.00,16.00,40.00,39.00
2026-05-01T14:16:00Z,2.00,4.00,5.00,15.48,40.00,38.00
2026-05-01T14:17:00Z,2.00,4.00,5.00,15.48,40.00,38.00
2026-05-01T14:19:00Z,2.00,4.00,5.00,15.48,40.00,38.00
2026-05-01T14:21:00Z,2.00,4.00,5.00,18.00,40.00,38.00
2026-05-01T14:22:00Z,2.00,4.00,5.00,18.00,41.00,37.00
2026-05-01T14:24:00Z,2.00,4.00,5.00,18.00,41.00,36.00
2026-05-01T14:25:00Z,2.00,4.00,5.00,18.00,40.00,36.00
2026-05-01T14:26:00Z,2.00,4.00,5.00,18.00,44.26,36.00
2026-05-01T14:28:00Z,2.00,4.00,5.00,18.00,44.26,36.00
2026-05-01T14:29:00Z,2.00,4.00,5.00,19.00,44.26,36.00
2026-05-01T14:30:00Z,2.00,4.00,5.00,21.06,44.26,36.00
2026-05-01T14:31:00Z,2.00,3.00,5.00,21.06,40.00,36.00
2026-05-01T14:33:00Z,2.00,3.00,5.00,21.06,40.00,36.00
2026-05-01T14:34:00Z,2.00,3.00,5.00,21.06,40.00,35.00
2026-05-01T14:36:00Z,2.00,3.00,5.00,21.06,40.00,35.00
2026-05-01T14:38:00Z,2.00,3.00,5.00,21.06,40.00,35.00
2026-05-01T14:39:00Z,2.00,3.00,5.00,21.06,36.00,34.00
2026-05-01T14:40:00Z,2.00,3.00,5.00,23.00,36.00,34.00
2026-05-01T14:41:00Z,2.00,3.00,5.00,23.00,36.00,36.00
2026-05-01T14:42:00Z,2.00,3.00,5.00,23.00,39.00,35.00
2026-05-01T14:43:00Z,2.00,3.00,5.00,23.00,38.00,35.00
2026-05-01T14:45:00Z,1.00,3.00,5.00,23.00,38.00,35.00
2026-05-01T14:47:00Z,1.00,3.00,5.00,23.00,38.00,35.00
2026-05-01T14:51:00Z,1.00,3.00,5.00,25.00,38.00,35.00
2026-05-01T14:52:00Z,1.00,3.00,5.00,25.00,38.00,34.00
2026-05-01T14:54:00Z,1.00,2.00,2.86,25.00,38.00,34.00
2026-05-01T14:56:00Z,1.00,2.00,2.86,25.00,38.44,39.37
2026-05-01T14:57:00Z,1.00,2.00,2.86,25.00,38.44,34.11
2026-05-01T14:58:00Z,1.00,2.00,2.86,23.02,38.44,36.19
2026-05-01T15:00:00Z,1.00,2.00,2.86,21.00,38.44,36.19
2026-05-01T15:01:00Z,1.00,2.00,2.86,21.00,38.44,36.00
2026-05-01T15:03:00Z,1.00,2.00,2.86,21.00,38.44,37.00
2026-05-01T15:04:00Z,1.00,2.00,2.86,21.00,41.00,37.00
2026-05-01T15:07:00Z,1.00,2.00,2.86,21.00,41.00,36.00
2026-05-01T15:09:00Z,1.00,2.00,2.86,21.00,41.00,36.00
2026-05-01T15:12:00Z,1.00,2.00,2.86,21.00,41.00,36.00
2026-05-01T15:13:00Z,1.00,2.00,2.86,20.07,36.00,36.00
2026-05-01T15:14:00Z,1.00,2.00,2.86,20.07,36.00,36.00
2026-05-01T15:15:00Z,1.00,2.00,2.86,20.07,36.00,34.00
2026-05-01T15:17:00Z,1.00,2.00,2.86,20.07,36.00,34.00
2026-05-01T15:18:00Z,1.00,2.00,2.86,20.07,36.00,35.98
2026-05-01T15:20:00Z,1.00,2.00,2.86,20.07,36.00,38.00
2026-05-01T15:25:00Z,1.00,2.00,2.86,20.07,36.00,36.00
2026-05-01T15:30:00Z,1.00,2.00,2.86,20.07,36.00,32.01
2026-05-01T15:31:00Z,1.00,2.00,2.86,20.07,36.00,31.00
2026-05-01T15:32:00Z,1.00,2.00,2.86,20.07,36.00,33.00
2026-05-01T15:33:00Z,1.00,2.00,2.86,20.07,36.00,31.00
2026-05-01T15:34:00Z,1.00,2.00,2.86,20.07,38.00,31.00
2026-05-01T15:37:00Z,1.00,2.00,2.86,20.07,44.00,33.00
2026-05-01T15:39:00Z,1.00,2.00,2.86,20.07,37.00,33.00
2026-05-01T15:40:00Z,1.00,8.00,2.86,20.07,37.00,32.00
2026-05-01T15:43:00Z,1.00,8.00,2.86,19.00,37.00,32.00
2026-05-01T15:57:00Z,1.00,3.00,2.86,19.00,37.00,23.16
2026-05-01T16:02:00Z,1.00,3.00,2.86,19.00,37.00,30.00
2026-05-01T16:03:00Z,1.00,3.00,2.86,19.00,32.00,30.00
2026-05-01T16:04:00Z,1.00,3.00,2.86,19.00,30.16,17.00
2026-05-01T16:05:00Z,1.00,3.00,2.86,19.00,30.00,17.00
2026-05-01T16:07:00Z,1.00,7.00,5.00,20.00,39.00,18.00
2026-05-01T16:15:00Z,1.00,7.00,5.00,20.00,39.00,18.01
2026-05-01T16:16:00Z,1.00,3.00,5.00,20.00,39.00,20.00
2026-05-01T16:17:00Z,1.00,3.00,5.00,20.00,39.00,20.00
2026-05-01T16:19:00Z,1.00,3.00,5.00,20.00,41.97,20.00
2026-05-01T16:22:00Z,1.00,3.00,5.00,20.00,34.00,20.00
2026-05-01T16:28:00Z,1.00,3.00,5.00,20.00,34.00,20.00
2026-05-01T16:34:00Z,1.00,2.00,5.00,25.00,37.50,24.00
2026-05-01T16:35:00Z,1.00,2.00,5.00,21.00,37.50,24.00
2026-05-01T16:36:00Z,1.00,2.00,5.00,25.00,37.50,24.00
2026-05-01T16:42:00Z,1.00,2.00,5.00,21.00,33.81,27.00
2026-05-01T16:46:00Z,1.00,2.00,5.00,28.00,33.81,27.00
2026-05-01T16:47:00Z,1.00,2.00,5.00,27.62,33.81,27.00
2026-05-01T16:48:00Z,1.00,2.00,5.00,27.62,33.81,27.00
2026-05-01T16:49:00Z,1.00,3.00,5.00,27.62,33.81,22.00
2026-05-01T16:51:00Z,1.00,3.00,5.00,27.62,33.81,22.00
2026-05-01T16:53:00Z,1.00,3.00,5.00,27.62,33.81,23.00
2026-05-01T16:55:00Z,1.00,3.00,5.00,27.62,33.81,22.00
2026-05-01T17:01:00Z,1.00,3.00,5.00,27.62,33.81,22.00
2026-05-01T17:06:00Z,1.00,3.00,5.00,27.62,33.81,22.94
2026-05-01T17:08:00Z,1.00,3.00,5.00,25.00,41.00,22.94
2026-05-01T17:13:00Z,1.00,3.00,5.00,25.00,41.00,18.00
2026-05-01T17:16:00Z,1.00,3.00,5.00,25.12,41.00,15.55
2026-05-01T17:25:00Z,1.00,3.00,5.00,25.12,41.00,15.55
2026-05-01T17:32:00Z,1.00,3.00,5.00,25.12,40.00,15.55
2026-05-01T17:37:00Z,1.00,3.00,6.06,25.12,40.00,15.55
2026-05-01T17:43:00Z,1.00,3.00,6.06,28.00,40.00,15.55
2026-05-01T17:44:00Z,1.00,3.00,6.06,28.00,33.00,15.55
2026-05-01T17:45:00Z,1.00,3.00,10.85,28.00,33.00,15.00
2026-05-01T17:47:00Z,1.00,3.00,11.66,28.00,33.00,13.29
2026-05-01T17:48:00Z,1.00,3.00,11.66,28.00,40.00,13.29
2026-05-01T17:51:00Z,1.00,3.00,11.66,31.02,40.00,13.29
2026-05-01T17:55:00Z,1.00,3.00,17.07,31.02,40.00,13.29
2026-05-01T17:58:00Z,1.00,3.00,17.07,37.80,37.71,12.00
2026-05-01T18:02:00Z,1.00,3.00,13.00,37.80,37.71,12.00
2026-05-01T18:05:00Z,1.00,3.00,13.00,37.80,37.71,12.00
2026-05-01T18:06:00Z,1.00,3.00,13.00,30.00,37.71,12.00
2026-05-01T18:09:00Z,1.00,3.00,21.00,30.00,37.71,12.00
2026-05-01T18:13:00Z,1.00,3.00,21.00,26.00,38.00,12.00
2026-05-01T18:15:00Z,1.00,3.00,17.00,26.00,38.00,12.00
2026-05-01T18:16:00Z,1.00,3.00,17.00,26.00,37.00,13.00
2026-05-01T18:17:00Z,1.00,3.00,17.00,26.00,37.00,13.00
2026-05-01T18:19:00Z,1.00,2.63,17.00,26.00,37.00,13.00
2026-05-01T18:27:00Z,1.00,2.63,15.00,26.00,37.00,13.00
2026-05-01T18:40:00Z,1.00,2.63,15.00,26.00,37.00,13.00
2026-05-01T18:51:00Z,1.00,2.63,15.00,26.00,38.67,13.00
2026-05-01T18:59:00Z,1.00,3.00,15.00,26.72,38.67,13.00
2026-05-01T19:00:00Z,1.00,3.00,16.00,29.00,38.67,13.00
2026-05-01T19:01:00Z,1.00,3.00,16.00,29.00,38.67,13.00
2026-05-01T19:11:00Z,1.00,3.00,16.00,29.00,38.67,13.70
2026-05-01T19:17:00Z,1.00,3.00,16.00,29.00,38.67,20.00
2026-05-01T19:22:00Z,1.00,3.00,16.00,29.00,38.67,20.00
2026-05-01T19:25:00Z,1.00,3.00,16.00,29.00,38.67,20.00
2026-05-01T19:32:00Z,1.00,3.00,16.00,29.00,38.67,20.00
2026-05-01T19:36:00Z,1.00,3.00,15.00,29.00,38.67,20.00
2026-05-01T19:41:00Z,1.00,3.00,15.00,29.00,38.67,20.00
2026-05-01T19:44:00Z,1.00,3.00,15.00,29.00,38.67,20.00
2026-05-01T19:45:00Z,1.00,3.00,15.00,29.00,38.67,20.00
2026-05-01T19:51:00Z,1.00,3.00,15.00,29.00,38.67,20.00
2026-05-01T19:52:00Z,1.00,3.00,15.00,29.00,38.00,20.00
2026-05-01T19:58:00Z,1.00,1.00,15.00,30.00,38.00,20.00
2026-05-01T20:00:00Z,1.00,3.14,15.00,30.00,38.00,20.00
2026-05-01T20:01:00Z,1.00,3.14,15.00,30.00,39.00,20.00
2026-05-01T20:02:00Z,1.00,3.14,15.00,30.00,39.00,13.20
2026-05-01T20:08:00Z,1.00,3.14,15.00,30.00,39.00,13.20
2026-05-01T20:11:00Z,1.00,3.14,15.00,30.00,39.00,13.20
2026-05-01T20:12:00Z,1.00,3.14,15.00,30.98,39.00,13.20
2026-05-01T20:13:00Z,1.00,3.14,15.00,32.77,38.69,14.80
2026-05-01T20:15:00Z,1.00,3.14,15.00,31.00,38.69,14.80
2026-05-01T20:20:00Z,1.00,3.94,16.00,31.00,38.69,14.80
2026-05-01T20:23:00Z,1.00,3.94,16.00,32.00,38.69,14.80
2026-05-01T20:27:00Z,1.00,3.94,16.00,32.00,38.69,16.00
2026-05-01T20:31:00Z,1.00,3.94,16.00,33.00,38.69,16.00
2026-05-01T20:32:00Z,1.00,3.94,16.00,33.00,38.69,13.00
2026-05-01T20:37:00Z,1.00,3.94,16.00,33.00,37.00,17.00
2026-05-01T20:39:00Z,1.00,3.00,15.00,31.00,37.00,20.00
2026-05-01T20:43:00Z,1.00,3.00,15.00,32.00,38.00,19.16
2026-05-01T20:46:00Z,1.00,3.00,15.00,32.00,38.00,19.16
2026-05-01T20:47:00Z,1.00,3.00,16.00,32.00,38.00,19.16
2026-05-01T20:48:00Z,1.00,3.00,16.00,33.00,38.00,19.16
2026-05-01T20:54:00Z,1.00,3.00,15.00,33.00,37.00,18.00
2026-05-01T20:58:00Z,1.00,3.00,15.00,35.00,36.00,18.00
2026-05-01T21:00:00Z,1.00,2.71,15.00,33.00,35.28,20.93
2026-05-01T21:03:00Z,1.00,2.71,15.00,33.00,35.00,20.93
2026-05-01T21:04:00Z,1.00,2.71,15.00,33.00,35.00,14.04
2026-05-01T21:06:00Z,1.00,2.71,15.00,33.00,36.93,14.04
2026-05-01T21:07:00Z,1.00,2.71,15.00,34.95,36.93,14.04
2026-05-01T21:09:00Z,1.00,3.00,15.00,33.00,36.00,19.00
2026-05-01T21:11:00Z,1.00,3.00,15.00,33.00,36.00,19.00
2026-05-01T21:12:00Z,1.00,3.00,16.40,33.00,36.00,19.00
2026-05-01T21:13:00Z,1.00,3.00,16.40,35.00,36.00,19.00
2026-05-01T21:15:00Z,1.00,3.00,16.40,35.00,36.00,12.81
2026-05-01T21:17:00Z,1.00,3.00,16.40,35.00,36.00,12.81
2026-05-01T21:33:00Z,1.00,4.00,18.00,34.98,36.00,12.81
2026-05-01T21:34:00Z,1.00,3.00,16.00,36.00,37.82,15.00
2026-05-01T21:36:00Z,1.00,3.00,18.00,36.00,37.82,15.00
2026-05-01T21:37:00Z,1.00,2.80,16.00,36.00,36.00,17.08
2026-05-01T21:38:00Z,1.00,2.00,16.00,37.00,38.78,14.00
2026-05-01T21:42:00Z,1.00,2.00,16.00,37.00,38.78,14.00
2026-05-01T21:44:00Z,1.00,3.00,16.00,34.42,38.00,14.00
2026-05-01T21:47:00Z,1.00,3.00,16.00,34.42,38.00,14.00
2026-05-01T21:50:00Z,1.00,3.00,16.00,34.42,38.17,14.00
2026-05-01T21:52:00Z,1.00,3.00,16.00,34.42,38.17,14.00
2026-05-01T21:53:00Z,1.00,4.00,16.13,40.00,38.17,14.00
2026-05-01T21:55:00Z,1.00,4.00,16.13,40.00,38.17,14.00
2026-05-01T21:56:00Z,1.00,4.81,21.05,40.00,38.17,14.00
2026-05-01T21:57:00Z,1.00,4.81,21.05,40.00,38.17,14.00
2026-05-01T22:00:00Z,1.00,6.42,21.05,40.00,38.17,14.00
2026-05-01T22:02:00Z,1.00,6.00,21.05,40.00,38.17,14.00
2026-05-01T22:03:00Z,1.00,6.00,21.05,40.00,38.17,12.00
2026-05-01T22:07:00Z,1.00,6.00,21.05,40.00,38.00,12.00
2026-05-01T22:09:00Z,1.00,5.00,16.00,33.00,37.00,15.00
2026-05-01T22:12:00Z,1.00,5.00,16.00,33.00,37.00,15.00
2026-05-01T22:17:00Z,1.00,5.00,16.00,33.00,37.00,15.00
2026-05-01T22:22:00Z,1.00,5.00,16.00,33.00,37.00,15.00
2026-05-01T22:27:00Z,1.00,5.00,16.00,33.00,37.00,15.00
2026-05-01T22:29:00Z,1.00,6.00,16.00,33.00,37.00,15.00
2026-05-01T22:32:00Z,1.00,6.00,16.00,33.00,37.00,15.00
2026-05-01T22:34:00Z,1.00,5.00,16.00,37.44,36.00,12.00
2026-05-01T22:37:00Z,1.00,5.00,16.00,37.44,36.00,12.00
2026-05-01T22:40:00Z,1.00,4.03,16.00,37.44,36.00,12.00
2026-05-01T22:42:00Z,1.00,4.03,16.00,37.44,36.00,12.00
2026-05-01T22:43:00Z,1.00,4.03,16.00,37.44,36.00,14.00
2026-05-01T22:47:00Z,1.00,4.03,16.00,37.44,37.00,14.00
2026-05-01T22:52:00Z,1.00,4.03,16.00,37.44,37.00,14.00
2026-05-01T22:54:00Z,1.00,3.00,16.00,36.00,37.00,14.00
2026-05-01T22:55:00Z,1.00,3.00,16.00,35.00,37.00,14.00
2026-05-01T22:56:00Z,1.00,3.00,16.00,35.00,37.00,14.00
2026-05-01T22:57:00Z,1.00,3.00,16.00,35.00,37.00,14.00
2026-05-01T23:02:00Z,1.00,3.00,16.00,35.00,37.00,14.00
2026-05-01T23:03:00Z,1.00,3.00,16.00,35.00,38.00,14.00
2026-05-01T23:06:00Z,1.00,3.00,16.00,35.00,38.00,12.00
2026-05-01T23:07:00Z,1.00,3.00,16.00,35.00,38.00,12.00
2026-05-01T23:08:00Z,1.00,3.00,16.00,35.00,38.00,12.00
2026-05-01T23:11:00Z,1.00,3.00,16.00,35.00,38.00,12.00
2026-05-01T23:12:00Z,1.00,3.00,16.00,35.00,38.00,12.00
2026-05-01T23:17:00Z,1.00,3.00,16.00,35.00,38.00,12.00
2026-05-01T23:20:00Z,1.00,3.00,16.00,35.00,38.00,14.00
2026-05-01T23:22:00Z,1.00,3.00,16.00,35.00,38.00,14.00
2026-05-01T23:24:00Z,1.00,3.00,16.00,35.00,39.00,14.00
2026-05-01T23:26:00Z,1.00,3.00,16.00,34.00,39.00,14.00
2026-05-01T23:27:00Z,1.00,3.00,16.00,34.00,39.00,14.00
2026-05-01T23:30:00Z,1.00,3.00,16.00,34.00,39.00,14.00
2026-05-01T23:42:00Z,1.00,3.00,19.38,34.00,39.00,14.00
2026-05-01T23:44:00Z,1.00,3.00,19.38,34.00,39.00,15.00
2026-05-01T23:45:00Z,1.00,3.00,19.38,35.00,39.00,15.00
2026-05-01T23:53:00Z,1.00,3.00,19.38,35.00,39.00,15.00
2026-05-01T23:54:00Z,1.00,3.00,15.22,35.00,39.00,15.00
2026-05-01T23:55:00Z,1.00,3.00,11.05,35.00,39.00,15.00
2026-05-02T00:01:00Z,1.00,2.00,11.00,34.00,39.00,15.00
2026-05-02T00:02:00Z,1.00,3.00,14.00,34.00,39.00,12.00
2026-05-02T00:03:00Z,1.00,3.00,14.00,34.00,39.00,12.00
2026-05-02T00:04:00Z,1.00,3.00,14.00,36.50,39.00,12.00
2026-05-02T00:05:00Z,1.00,3.44,17.75,36.50,39.00,12.00
2026-05-02T00:08:00Z,1.00,4.00,17.75,36.50,39.00,12.00
2026-05-02T00:09:00Z,1.00,4.00,17.75,36.50,37.00,12.00
2026-05-02T00:10:00Z,1.00,4.00,17.75,36.50,37.00,12.00
2026-05-02T00:14:00Z,1.00,3.00,16.00,36.00,36.00,15.00
2026-05-02T00:17:00Z,1.00,3.00,16.00,36.00,36.00,16.00
2026-05-02T00:20:00Z,1.00,3.00,16.00,36.00,36.00,16.00
2026-05-02T00:21:00Z,1.00,3.00,14.00,37.00,36.00,15.00
2026-05-02T00:25:00Z,1.00,3.00,15.50,36.00,36.00,18.00
2026-05-02T00:26:00Z,1.00,3.00,15.50,36.00,37.00,18.00
2026-05-02T00:40:00Z,1.00,3.00,16.64,36.00,37.00,18.00
2026-05-02T00:41:00Z,1.00,3.00,17.00,36.00,37.00,18.00
2026-05-02T00:42:00Z,1.00,3.96,14.00,37.00,36.00,18.00
2026-05-02T00:43:00Z,1.00,3.96,14.00,34.40,36.00,18.00
2026-05-02T00:45:00Z,1.00,4.00,14.00,34.40,36.00,18.00
2026-05-02T00:46:00Z,1.00,4.00,15.66,34.40,36.00,18.00
2026-05-02T00:53:00Z,1.00,4.00,15.66,34.00,36.00,18.00
2026-05-02T00:56:00Z,1.00,4.00,15.66,34.00,36.00,18.00
2026-05-02T01:00:00Z,1.00,4.00,15.66,34.00,36.00,18.00
2026-05-02T01:02:00Z,1.00,5.00,15.66,34.00,36.00,18.00
2026-05-02T01:03:00Z,1.00,5.00,14.00,34.00,36.00,15.00
2026-05-02T01:05:00Z,1.00,5.00,16.00,34.00,36.00,15.00
2026-05-02T01:06:00Z,1.00,5.00,15.47,34.00,36.00,15.00
2026-05-02T01:19:00Z,1.00,5.00,15.47,38.93,36.00,15.00
2026-05-02T01:28:00Z,1.00,5.00,15.47,38.93,36.00,16.00
2026-05-02T01:37:00Z,1.00,5.00,12.00,38.93,36.00,16.00
2026-05-02T01:43:00Z,1.00,5.00,12.00,38.93,36.00,16.00
2026-05-02T01:48:00Z,1.00,4.00,12.00,38.93,36.00,16.00
2026-05-02T01:54:00Z,1.00,4.00,12.00,35.00,36.00,16.00
2026-05-02T01:57:00Z,1.00,4.00,12.00,35.00,36.00,14.54
2026-05-02T02:04:00Z,1.00,4.00,12.00,35.00,36.00,14.00
2026-05-02T02:07:00Z,1.00,4.00,12.00,35.00,36.69,14.00
2026-05-02T02:09:00Z,1.00,4.00,11.00,35.00,32.00,14.00
2026-05-02T02:10:00Z,1.00,4.00,12.00,35.00,32.00,14.00
2026-05-02T02:11:00Z,1.00,4.00,12.00,35.00,32.89,13.61
2026-05-02T02:12:00Z,1.00,4.00,12.00,35.00,32.89,16.66
2026-05-02T02:17:00Z,1.00,4.00,12.00,35.00,37.76,17.39
2026-05-02T02:19:00Z,1.00,4.00,12.00,35.00,37.40,17.39
2026-05-02T02:22:00Z,1.00,5.00,12.00,35.00,37.40,17.39
2026-05-02T02:24:00Z,1.00,5.00,12.00,35.00,37.40,17.39
2026-05-02T02:25:00Z,1.00,5.00,12.00,35.00,37.40,17.39
2026-05-02T02:26:00Z,1.00,5.00,12.00,35.00,38.00,17.39
2026-05-02T02:27:00Z,1.00,5.00,12.00,35.00,40.68,17.39
2026-05-02T02:28:00Z,1.00,4.00,12.00,34.00,38.00,20.64
2026-05-02T02:31:00Z,1.00,4.00,12.00,34.00,36.00,12.66
2026-05-02T02:32:00Z,1.00,4.00,12.00,34.00,39.53,18.89
2026-05-02T02:35:00Z,1.00,4.00,12.00,34.00,36.00,20.00
2026-05-02T02:36:00Z,1.00,4.00,12.00,34.00,36.00,19.00
2026-05-02T02:37:00Z,1.00,4.00,11.00,34.00,36.00,19.00
2026-05-02T02:39:00Z,1.00,4.00,11.00,34.00,35.00,19.00
2026-05-02T02:44:00Z,1.00,4.00,11.00,34.00,35.00,19.00
2026-05-02T02:45:00Z,1.00,4.00,11.00,35.16,35.00,19.00
2026-05-02T02:47:00Z,1.00,4.00,11.25,34.00,39.92,19.00
2026-05-02T02:53:00Z,1.00,4.00,11.00,34.00,39.70,18.59
2026-05-02T02:54:00Z,1.00,4.00,11.00,36.31,40.00,18.59
2026-05-02T02:55:00Z,1.00,4.00,11.00,36.31,40.98,18.59
2026-05-02T03:01:00Z,1.00,4.00,11.00,36.31,40.98,18.59
2026-05-02T03:03:00Z,1.00,4.00,11.00,33.70,40.98,18.59
2026-05-02T03:05:00Z,1.00,4.00,11.00,33.70,40.98,18.59
2026-05-02T03:09:00Z,1.00,4.00,12.00,35.00,40.98,18.59
2026-05-02T03:10:00Z,1.00,4.87,12.00,36.00,39.00,17.00
2026-05-02T03:13:00Z,1.00,4.00,12.17,38.30,37.16,15.91
2026-05-02T03:15:00Z,1.00,4.00,12.17,35.00,37.16,15.91
2026-05-02T03:16:00Z,1.00,4.00,12.17,35.00,37.16,15.91
2026-05-02T03:20:00Z,1.00,4.00,13.00,35.00,37.16,15.91
2026-05-02T03:27:00Z,1.00,4.00,13.00,35.00,37.16,15.91
2026-05-02T03:44:00Z,1.00,5.00,13.00,34.00,39.00,13.00
2026-05-02T03:45:00Z,1.00,5.00,13.54,34.00,39.00,13.00
2026-05-02T03:55:00Z,1.00,4.00,13.54,34.00,39.00,13.00
2026-05-02T03:59:00Z,1.00,5.00,13.54,34.00,39.00,16.40
2026-05-02T04:00:00Z,1.00,5.00,13.54,34.00,39.00,16.40
2026-05-02T04:01:00Z,1.00,5.00,14.00,33.00,38.00,15.00
2026-05-02T04:02:00Z,1.00,5.00,14.00,33.00,38.00,15.00
2026-05-02T04:04:00Z,1.00,5.00,14.00,33.00,38.00,15.00
2026-05-02T04:07:00Z,1.00,5.00,14.00,33.00,38.00,15.00
2026-05-02T04:09:00Z,1.00,5.00,14.85,33.00,37.00,15.00
2026-05-02T04:11:00Z,1.00,5.00,14.85,33.00,37.00,15.00
2026-05-02T04:12:00Z,1.00,5.00,14.85,33.00,37.00,15.00
2026-05-02T04:14:00Z,1.00,5.00,14.85,33.00,37.00,15.00
2026-05-02T04:15:00Z,1.00,5.00,14.85,33.00,37.00,15.00
2026-05-02T04:16:00Z,1.00,5.00,14.85,33.00,37.00,15.00
2026-05-02T04:17:00Z,1.00,5.00,14.85,33.00,37.00,15.00
2026-05-02T04:18:00Z,1.00,5.00,14.85,33.00,37.00,15.00
2026-05-02T04:21:00Z,1.00,4.00,14.85,33.00,37.00,15.00
2026-05-02T04:22:00Z,1.00,4.00,14.85,33.00,37.00,15.00
2026-05-02T04:23:00Z,1.00,4.00,14.85,33.00,37.00,15.00
2026-05-02T04:24:00Z,1.00,2.59,14.85,33.00,37.00,16.00
2026-05-02T04:25:00Z,1.00,3.00,14.85,33.00,38.00,16.00
2026-05-02T04:27:00Z,1.00,3.00,14.85,33.00,38.00,16.00
2026-05-02T04:28:00Z,1.00,3.00,14.85,33.00,38.00,16.00
2026-05-02T04:30:00Z,1.00,4.00,14.85,33.00,38.00,16.00
2026-05-02T04:32:00Z,1.00,4.00,14.85,33.00,38.00,16.00
2026-05-02T04:37:00Z,1.00,4.00,14.85,33.00,38.00,17.23
2026-05-02T04:41:00Z,1.00,4.00,15.00,33.00,38.00,17.23
2026-05-02T04:44:00Z,1.00,4.00,15.00,33.00,38.00,17.23
2026-05-02T04:46:00Z,1.00,4.00,15.00,33.00,38.00,18.00
2026-05-02T04:49:00Z,1.00,4.00,15.00,33.00,40.66,18.00
2026-05-02T04:50:00Z,1.00,3.00,13.00,33.00,39.00,18.00
2026-05-02T04:53:00Z,1.00,3.00,13.00,33.00,40.73,18.00
2026-05-02T04:55:00Z,1.00,3.00,13.00,33.00,41.03,18.00
2026-05-02T04:58:00Z,1.00,3.00,13.00,33.00,41.03,18.00
2026-05-02T05:00:00Z,1.00,3.00,13.00,33.00,41.03,18.00
2026-05-02T05:01:00Z,1.00,3.00,13.00,33.00,41.03,18.00
2026-05-02T05:03:00Z,1.00,4.00,13.00,33.00,40.00,19.00
2026-05-02T05:05:00Z,1.00,4.00,13.00,33.65,40.00,19.00
2026-05-02T05:06:00Z,1.00,4.00,13.00,33.65,39.00,19.00
2026-05-02T05:08:00Z,1.00,4.00,15.50,33.65,39.00,19.00
2026-05-02T05:12:00Z,1.00,3.00,13.33,33.00,38.00,19.00
2026-05-02T05:13:00Z,1.00,3.00,13.33,34.43,40.00,19.00
2026-05-02T05:14:00Z,1.00,3.00,13.00,32.00,41.61,17.00
2026-05-02T05:15:00Z,1.00,3.00,13.00,31.00,41.61,17.00
2026-05-02T05:17:00Z,1.00,3.00,13.00,31.00,41.61,17.00
2026-05-02T05:18:00Z,1.00,3.00,13.00,31.00,41.61,13.00
2026-05-02T05:21:00Z,1.00,3.00,7.14,31.00,41.61,13.00
2026-05-02T05:22:00Z,1.00,3.00,7.14,31.00,41.61,13.00
2026-05-02T05:23:00Z,1.00,3.00,7.14,31.00,41.61,13.00
2026-05-02T05:24:00Z,1.00,3.00,7.14,31.00,41.61,13.00
2026-05-02T05:25:00Z,1.00,3.00,7.14,31.00,41.61,13.00
2026-05-02T05:27:00Z,1.00,3.00,7.14,31.00,41.61,13.00
2026-05-02T05:29:00Z,1.00,3.00,4.00,31.00,41.61,13.00
2026-05-02T05:30:00Z,1.00,4.00,4.00,31.00,38.00,13.00
2026-05-02T05:31:00Z,1.00,4.00,4.00,31.00,38.00,13.00
2026-05-02T05:32:00Z,1.00,4.00,4.00,31.00,38.00,12.00
2026-05-02T05:33:00Z,1.00,4.00,4.00,31.00,38.00,12.00
2026-05-02T05:35:00Z,1.00,4.00,4.00,31.00,43.89,12.00
2026-05-02T05:36:00Z,1.00,4.00,4.00,31.00,43.89,13.00
2026-05-02T05:39:00Z,1.00,2.05,4.00,31.00,43.89,13.00
2026-05-02T05:40:00Z,1.00,2.05,4.00,31.00,43.89,14.00
2026-05-02T05:42:00Z,1.00,2.05,4.00,31.00,43.89,15.00
2026-05-02T05:43:00Z,1.00,2.05,4.00,32.98,43.89,15.00
2026-05-02T05:47:00Z,1.00,2.05,4.00,32.00,43.89,16.00
2026-05-02T05:50:00Z,1.00,2.05,4.00,32.00,43.89,16.00
2026-05-02T05:52:00Z,1.00,3.72,4.00,32.00,43.89,16.00
2026-05-02T05:53:00Z,1.00,3.72,4.05,32.00,43.89,16.00
2026-05-02T05:54:00Z,1.00,3.72,4.00,31.31,43.89,16.30
2026-05-02T05:56:00Z,1.00,3.72,4.00,31.00,43.89,16.30
2026-05-02T06:02:00Z,1.00,3.72,5.40,32.00,43.89,16.30
2026-05-02T06:03:00Z,1.00,3.00,6.00,32.00,43.89,16.30
2026-05-02T06:04:00Z,1.00,3.00,6.00,32.00,43.89,18.90
2026-05-02T06:05:00Z,1.00,3.00,6.00,32.00,43.89,20.57
2026-05-02T06:07:00Z,1.00,3.00,6.00,32.20,43.89,22.24
2026-05-02T06:10:00Z,1.00,3.00,6.00,32.20,43.89,21.92
2026-05-02T06:13:00Z,1.00,3.00,6.00,32.20,43.89,22.20
2026-05-02T06:14:00Z,1.00,3.00,6.00,32.20,43.54,22.20
2026-05-02T06:15:00Z,1.00,3.00,6.00,32.20,42.67,22.20
2026-05-02T06:16:00Z,1.00,3.00,4.00,31.00,42.67,22.20
2026-05-02T06:19:00Z,1.00,3.00,7.04,31.00,42.67,12.73
2026-05-02T06:22:00Z,1.00,3.00,7.04,31.00,43.54,12.73
2026-05-02T06:30:00Z,1.00,3.00,7.04,31.00,43.54,14.13
2026-05-02T06:32:00Z,1.00,3.00,6.00,31.00,43.54,14.13
2026-05-02T06:34:00Z,1.00,3.00,6.00,31.00,44.00,14.13
2026-05-02T06:35:00Z,1.00,3.00,6.00,31.00,45.00,14.13
2026-05-02T06:37:00Z,1.00,3.00,6.00,31.20,45.00,14.13
2026-05-02T06:38:00Z,1.00,3.82,9.59,29.21,45.00,14.13
2026-05-02T06:39:00Z,1.00,3.82,9.59,29.21,45.00,14.13
2026-05-02T06:46:00Z,1.00,3.82,9.59,29.21,45.00,14.00
2026-05-02T06:50:00Z,1.00,3.82,7.00,29.21,45.00,14.00
2026-05-02T06:52:00Z,1.00,3.82,7.00,29.21,45.00,14.00
2026-05-02T06:53:00Z,1.00,3.82,10.00,29.21,45.00,14.00
2026-05-02T06:55:00Z,1.00,4.00,12.50,29.21,45.00,14.00
2026-05-02T06:56:00Z,1.00,4.00,12.40,29.21,45.00,14.00
2026-05-02T06:57:00Z,1.00,4.00,14.68,29.21,45.00,14.00
2026-05-02T07:00:00Z,1.00,4.00,16.90,29.21,45.00,14.00
2026-05-02T07:01:00Z,1.00,4.00,16.90,31.33,44.79,14.00
2026-05-02T07:03:00Z,1.00,4.00,16.90,31.33,44.00,14.00
2026-05-02T07:05:00Z,1.00,4.00,16.90,31.33,44.00,14.00
2026-05-02T07:07:00Z,1.00,4.00,16.90,32.00,44.00,14.00
2026-05-02T07:08:00Z,1.00,4.00,11.11,32.00,44.00,14.00
2026-05-02T07:09:00Z,1.00,4.00,11.11,32.00,44.00,14.00
2026-05-02T07:13:00Z,1.00,4.00,11.11,32.00,44.00,14.00
2026-05-02T07:17:00Z,1.00,4.00,11.11,32.00,44.00,14.00
2026-05-02T07:18:00Z,1.00,2.00,11.11,32.00,44.00,14.00
2026-05-02T07:19:00Z,1.00,2.00,8.57,32.00,44.00,13.00
2026-05-02T07:20:00Z,1.00,2.00,3.00,32.00,45.00,15.00
2026-05-02T07:21:00Z,1.00,2.00,3.00,32.00,45.00,15.00
2026-05-02T07:22:00Z,1.00,2.00,3.00,32.00,45.00,15.00
2026-05-02T07:23:00Z,1.00,2.00,5.28,32.00,45.00,15.00
2026-05-02T07:24:00Z,1.00,2.00,8.00,32.00,45.00,15.00
2026-05-02T07:26:00Z,1.00,2.00,8.00,32.08,45.00,15.00
2026-05-02T07:27:00Z,1.00,2.00,8.00,33.00,45.00,13.00
2026-05-02T07:31:00Z,1.00,2.00,8.00,33.00,45.00,12.00
2026-05-02T07:32:00Z,1.00,2.00,8.00,33.00,44.92,12.00
2026-05-02T07:40:00Z,1.00,2.00,8.00,33.00,44.92,15.58
2026-05-02T07:45:00Z,1.00,1.00,8.00,33.00,44.92,15.58
2026-05-02T07:48:00Z,1.00,1.00,8.00,33.00,44.92,15.58
2026-05-02T07:49:00Z,1.00,1.00,8.00,34.00,44.92,15.58
2026-05-02T07:51:00Z,1.00,1.00,7.00,34.00,44.92,13.00
2026-05-02T07:52:00Z,1.00,1.00,7.00,35.50,45.00,13.00
2026-05-02T07:53:00Z,1.00,1.00,7.00,35.50,45.00,13.00
2026-05-02T07:54:00Z,1.00,1.00,7.00,35.50,45.00,13.00
2026-05-02T08:00:00Z,1.00,1.00,7.00,35.50,45.00,15.00
2026-05-02T08:01:00Z,1.00,1.00,7.00,34.75,45.00,15.00
2026-05-02T08:02:00Z,1.00,1.00,7.00,31.00,45.00,15.00
2026-05-02T08:04:00Z,1.00,1.00,7.00,31.00,43.00,15.00
2026-05-02T08:05:00Z,1.00,2.00,9.39,31.00,42.00,15.00
2026-05-02T08:07:00Z,1.00,2.00,12.72,31.00,42.00,15.00
2026-05-02T08:13:00Z,1.00,2.00,12.72,31.00,42.00,14.00
2026-05-02T08:14:00Z,1.00,2.00,12.72,31.00,43.00,14.00
2026-05-02T08:15:00Z,1.00,2.00,15.87,33.43,43.00,14.00
2026-05-02T08:16:00Z,1.00,2.00,15.87,33.00,43.00,12.00
2026-05-02T08:18:00Z,1.00,2.00,12.00,33.00,43.00,12.00
2026-05-02T08:19:00Z,1.00,2.00,12.00,33.00,43.00,12.00
2026-05-02T08:20:00Z,1.00,2.00,12.00,33.00,43.00,12.00
2026-05-02T08:21:00Z,1.00,2.00,12.00,33.00,43.00,12.00
2026-05-02T08:22:00Z,1.00,2.00,12.00,33.00,43.00,12.00
2026-05-02T08:23:00Z,1.00,2.00,12.00,33.00,42.00,12.00
2026-05-02T08:24:00Z,1.00,2.00,12.00,33.00,42.00,14.10
2026-05-02T08:25:00Z,1.00,2.00,12.00,33.00,42.00,14.10
2026-05-02T08:26:00Z,1.00,2.00,14.00,33.00,42.00,14.10
2026-05-02T08:27:00Z,1.00,2.00,14.00,33.00,42.00,14.10
2026-05-02T08:28:00Z,1.00,2.00,14.00,33.00,42.00,14.10
2026-05-02T08:29:00Z,1.00,2.00,14.00,33.00,42.00,14.10
2026-05-02T08:30:00Z,1.00,2.00,14.00,33.37,43.00,14.10
2026-05-02T08:32:00Z,1.00,2.00,14.00,33.37,43.00,14.10
2026-05-02T08:33:00Z,1.00,2.00,14.00,33.37,43.00,14.10
2026-05-02T08:35:00Z,1.00,2.00,11.00,33.37,43.00,14.10
2026-05-02T08:37:00Z,1.00,2.00,11.00,33.37,43.00,14.10
2026-05-02T08:38:00Z,1.00,2.00,11.00,33.37,43.00,14.00
2026-05-02T08:40:00Z,1.00,2.00,8.00,34.92,43.00,14.00
2026-05-02T08:42:00Z,1.00,2.00,8.00,34.92,43.00,14.00
2026-05-02T08:44:00Z,1.00,2.00,8.00,34.92,43.00,14.00
2026-05-02T08:47:00Z,1.00,2.00,8.00,34.92,43.00,14.00
2026-05-02T08:49:00Z,1.00,2.68,8.00,34.92,43.00,14.00
2026-05-02T08:52:00Z,1.00,2.68,8.00,34.92,43.00,13.00
2026-05-02T08:56:00Z,1.00,2.68,8.00,34.92,43.00,13.00
2026-05-02T08:58:00Z,1.00,2.68,8.00,34.92,43.00,13.00
2026-05-02T09:01:00Z,1.00,2.68,8.00,34.92,43.00,13.00
2026-05-02T09:09:00Z,1.00,2.68,8.00,34.92,43.00,13.00
2026-05-02T09:12:00Z,1.00,2.68,8.00,34.16,43.00,13.00
2026-05-02T09:13:00Z,1.00,2.68,5.00,34.16,43.00,13.00
2026-05-02T09:16:00Z,1.00,2.68,8.00,34.16,43.00,13.00
2026-05-02T09:27:00Z,1.00,3.00,8.00,34.16,43.00,13.00
2026-05-02T09:30:00Z,1.00,3.00,5.48,34.16,43.00,13.00
2026-05-02T09:39:00Z,1.00,3.00,5.48,34.16,43.00,15.20
2026-05-02T09:44:00Z,1.00,3.00,5.48,34.16,43.00,13.00
2026-05-02T09:45:00Z,1.00,3.00,5.00,34.16,43.00,13.00
2026-05-02T09:46:00Z,1.00,3.00,5.00,34.16,43.00,13.00
2026-05-02T09:48:00Z,1.00,3.00,5.00,31.00,43.00,13.00
2026-05-02T09:51:00Z,1.00,3.00,5.00,31.00,43.00,15.66
2026-05-02T09:53:00Z,1.00,3.00,5.00,34.66,43.00,15.66
2026-05-02T09:57:00Z,1.00,3.00,5.00,34.66,43.00,13.00
2026-05-02T10:00:00Z,1.00,3.00,5.00,33.57,43.00,13.00
2026-05-02T10:01:00Z,1.00,2.00,5.00,33.57,42.00,13.00
2026-05-02T10:02:00Z,1.00,2.00,5.00,35.00,42.00,13.00
2026-05-02T10:04:00Z,1.00,2.00,5.00,35.00,42.00,13.00
2026-05-02T10:09:00Z,1.00,2.00,5.00,35.00,42.00,14.00
2026-05-02T10:16:00Z,1.00,2.00,5.00,35.00,43.00,14.00
2026-05-02T10:21:00Z,1.00,2.00,5.00,34.86,43.00,14.00
2026-05-02T10:23:00Z,1.00,1.00,5.00,34.86,43.00,14.00
2026-05-02T10:24:00Z,1.00,1.00,5.00,34.86,45.95,14.00
2026-05-02T10:27:00Z,1.00,1.00,5.00,34.86,45.98,14.00
2026-05-02T10:34:00Z,1.00,1.00,7.00,30.10,45.98,14.00
2026-05-02T10:37:00Z,1.00,1.00,7.00,26.00,46.03,14.00
2026-05-02T10:39:00Z,1.00,1.00,7.00,24.22,46.03,14.00
2026-05-02T10:41:00Z,1.00,1.00,9.00,24.22,46.03,14.00
2026-05-02T10:42:00Z,1.00,2.00,9.00,24.22,46.03,14.00
2026-05-02T10:46:00Z,1.00,2.00,9.00,26.00,47.00,14.00
2026-05-02T10:47:00Z,1.00,2.00,9.00,26.00,46.00,16.00
2026-05-02T10:48:00Z,1.00,2.00,9.00,26.00,47.00,16.00
2026-05-02T10:50:00Z,1.00,2.00,9.00,26.00,45.83,17.00
2026-05-02T10:52:00Z,1.00,2.00,8.52,26.95,45.83,17.00
2026-05-02T10:55:00Z,1.00,2.00,8.52,26.95,45.83,17.00
2026-05-02T10:56:00Z,1.00,2.00,8.52,26.95,45.83,13.00
2026-05-02T10:57:00Z,1.00,2.00,8.52,26.95,47.00,13.00
2026-05-02T10:59:00Z,1.00,2.00,8.52,26.95,47.51,13.00
2026-05-02T11:01:00Z,1.00,2.99,8.52,26.95,45.00,13.00
2026-05-02T11:02:00Z,1.00,2.99,8.52,26.00,45.00,13.00
2026-05-02T11:03:00Z,1.00,2.99,8.52,26.00,45.00,13.00
2026-05-02T11:04:00Z,1.00,2.99,8.52,26.00,45.00,13.00
2026-05-02T11:05:00Z,1.00,2.99,8.52,26.00,47.00,13.00
2026-05-02T11:06:00Z,1.00,3.38,10.00,27.00,47.00,13.00
2026-05-02T11:07:00Z,1.00,3.38,10.88,27.00,47.00,13.00
2026-05-02T11:08:00Z,1.00,4.00,10.88,27.00,51.48,13.00
2026-05-02T11:09:00Z,1.00,4.00,10.88,27.00,45.36,16.64
2026-05-02T11:10:00Z,1.00,4.00,8.00,27.00,45.36,13.00
2026-05-02T11:11:00Z,1.00,4.00,10.00,27.00,50.67,13.00
2026-05-02T11:13:00Z,1.00,3.00,10.00,27.00,51.00,13.00
2026-05-02T11:14:00Z,1.00,3.00,10.00,27.00,46.67,13.00
2026-05-02T11:15:00Z,1.00,3.00,10.00,26.00,41.64,13.50
2026-05-02T11:16:00Z,1.00,3.00,10.00,26.00,41.64,15.00
2026-05-02T11:17:00Z,1.00,3.00,10.00,28.00,41.64,16.00
2026-05-02T11:18:00Z,1.00,2.00,10.00,28.00,41.64,18.00
2026-05-02T11:19:00Z,1.00,2.00,7.00,28.00,41.64,18.00
2026-05-02T11:20:00Z,1.00,2.00,7.00,28.00,41.64,18.00
2026-05-02T11:22:00Z,1.00,1.00,7.00,28.00,45.00,18.00
2026-05-02T11:24:00Z,1.00,3.00,7.00,28.00,46.93,18.00
2026-05-02T11:25:00Z,1.00,3.00,7.00,28.00,47.99,19.00
2026-05-02T11:27:00Z,1.00,3.00,7.00,28.00,47.99,19.00
2026-05-02T11:28:00Z,1.00,3.00,3.00,28.00,49.00,19.00
2026-05-02T11:29:00Z,1.00,2.89,3.00,28.00,49.00,19.00
2026-05-02T11:30:00Z,1.00,2.89,3.00,28.00,49.00,19.00
2026-05-02T11:31:00Z,1.00,2.28,2.00,28.00,49.00,19.00
2026-05-02T11:32:00Z,1.00,3.00,2.00,28.00,49.00,19.00
2026-05-02T11:33:00Z,1.00,3.00,4.00,26.00,47.00,19.00
2026-05-02T11:34:00Z,1.00,3.00,3.00,26.00,47.00,19.00
2026-05-02T11:35:00Z,1.00,3.00,3.00,26.00,47.00,19.00
2026-05-02T11:36:00Z,1.00,3.00,3.00,26.00,47.00,19.00
2026-05-02T11:37:00Z,1.00,3.00,3.00,26.00,49.00,19.00
2026-05-02T11:38:00Z,1.00,2.00,3.00,26.00,49.00,19.00
2026-05-02T11:39:00Z,1.00,2.00,3.00,27.00,49.00,19.00
2026-05-02T11:40:00Z,1.00,2.00,3.00,27.00,49.00,19.00
2026-05-02T11:42:00Z,1.00,2.00,3.00,27.00,49.00,19.00
2026-05-02T11:44:00Z,1.00,2.00,3.00,27.00,49.58,19.00
2026-05-02T11:47:00Z,1.00,2.00,3.00,26.17,49.58,18.00
2026-05-02T11:48:00Z,1.00,2.00,3.00,27.37,49.58,18.00
2026-05-02T11:49:00Z,1.00,2.00,4.07,27.85,49.58,18.00
2026-05-02T11:50:00Z,1.00,2.00,5.00,27.85,49.58,18.00
2026-05-02T11:52:00Z,1.00,2.00,5.00,27.85,50.00,18.00
2026-05-02T11:53:00Z,1.00,2.00,5.00,28.00,50.31,18.00
2026-05-02T11:54:00Z,1.00,2.00,5.00,28.00,50.31,18.00
2026-05-02T11:56:00Z,1.00,2.00,3.44,28.00,50.31,18.00
2026-05-02T11:57:00Z,1.00,2.00,3.44,28.00,48.95,18.00
2026-05-02T11:58:00Z,1.00,2.00,3.44,28.00,49.15,18.00
2026-05-02T11:59:00Z,1.00,2.00,5.86,28.00,47.00,18.00
2026-05-02T12:00:00Z,1.00,2.00,6.47,27.00,47.00,18.00
2026-05-02T12:01:00Z,1.00,1.09,8.00,27.00,47.34,16.97
2026-05-02T12:02:00Z,1.00,1.00,8.00,27.00,47.34,16.97
2026-05-02T12:03:00Z,1.00,2.00,6.00,27.00,49.89,17.00
2026-05-02T12:04:00Z,1.00,2.00,6.00,27.00,48.00,17.00
2026-05-02T12:05:00Z,1.00,2.00,6.00,27.00,48.00,17.00
2026-05-02T12:07:00Z,1.00,2.00,6.00,27.00,48.00,17.00
2026-05-02T12:08:00Z,1.00,2.00,6.00,27.00,49.00,17.00
2026-05-02T12:09:00Z,1.00,2.00,6.00,25.48,47.00,17.00
2026-05-02T12:10:00Z,1.00,2.00,8.00,25.00,47.00,18.00
2026-05-02T12:11:00Z,1.00,2.00,8.00,26.37,47.00,20.00
2026-05-02T12:12:00Z,1.00,2.00,8.00,26.37,49.25,20.00
2026-05-02T12:13:00Z,1.00,2.00,8.00,26.00,46.00,19.00
2026-05-02T12:16:00Z,1.00,2.00,8.00,27.20,47.00,19.00
2026-05-02T12:17:00Z,1.00,2.00,8.00,26.00,48.81,19.00
2026-05-02T12:18:00Z,1.00,2.00,8.00,29.20,49.00,19.00
2026-05-02T12:19:00Z,1.00,2.00,8.00,29.20,48.94,18.00
2026-05-02T12:20:00Z,1.00,2.00,7.00,29.20,48.00,17.94
2026-05-02T12:21:00Z,1.00,1.00,5.62,31.91,48.00,17.94
2026-05-02T12:22:00Z,1.00,1.00,5.62,34.00,48.00,16.00
2026-05-02T12:23:00Z,1.00,1.00,5.62,32.90,47.00,16.00
2026-05-02T12:24:00Z,1.00,1.00,5.62,33.00,47.00,16.00
2026-05-02T12:25:00Z,1.00,1.00,5.00,33.00,48.00,16.00
2026-05-02T12:26:00Z,1.00,1.00,5.00,32.00,48.00,16.00
2026-05-02T12:27:00Z,1.00,1.00,5.00,32.00,49.38,16.00
2026-05-02T12:28:00Z,1.00,1.00,5.00,33.98,49.08,16.00
2026-05-02T12:29:00Z,1.00,1.00,5.00,33.98,47.00,16.00
2026-05-02T12:30:00Z,1.00,1.00,5.00,31.00,49.00,16.00
2026-05-02T12:31:00Z,1.00,1.00,5.00,33.98,47.00,16.00
2026-05-02T12:33:00Z,1.00,1.00,5.00,33.90,47.00,12.99
2026-05-02T12:35:00Z,1.00,1.00,5.00,33.90,47.00,12.99
2026-05-02T12:38:00Z,1.00,1.00,5.00,33.90,47.00,15.86
2026-05-02T12:39:00Z,1.00,1.00,5.00,33.90,47.00,15.86
2026-05-02T12:40:00Z,1.00,1.00,5.00,33.90,47.00,15.86
2026-05-02T12:41:00Z,1.00,1.00,3.09,33.00,47.00,15.86
2026-05-02T12:42:00Z,1.00,1.00,3.09,34.00,47.00,15.86
2026-05-02T12:43:00Z,1.00,1.00,3.09,34.00,50.00,15.86
2026-05-02T12:44:00Z,1.00,1.00,4.55,34.00,48.34,15.86
2026-05-02T12:45:00Z,1.00,2.00,4.55,34.00,50.00,15.86
2026-05-02T12:46:00Z,1.00,2.00,4.55,33.79,50.00,15.38
2026-05-02T12:47:00Z,1.00,2.00,4.55,33.79,51.00,15.38
2026-05-02T12:48:00Z,1.00,2.00,4.55,33.79,50.00,15.38
2026-05-02T12:49:00Z,1.00,2.00,4.55,33.79,50.00,15.38
2026-05-02T12:52:00Z,1.00,2.00,4.55,33.79,50.00,15.38
2026-05-02T12:53:00Z,1.00,2.00,4.35,34.00,50.00,14.08
2026-05-02T12:55:00Z,1.00,2.00,4.35,32.00,50.00,13.49
2026-05-02T12:57:00Z,1.00,2.00,4.35,29.73,48.00,13.49
2026-05-02T12:58:00Z,1.00,2.00,5.00,29.73,48.00,13.49
2026-05-02T12:59:00Z,1.00,2.00,5.00,30.00,48.04,12.00
2026-05-02T13:00:00Z,1.00,2.00,5.00,30.00,50.00,15.66
2026-05-02T13:01:00Z,1.00,2.00,5.00,30.00,49.00,14.00
2026-05-02T13:03:00Z,1.00,2.00,8.05,30.00,49.00,14.00
2026-05-02T13:04:00Z,1.00,2.00,8.05,30.00,49.00,13.95
2026-05-02T13:05:00Z,1.00,2.00,8.05,32.00,49.00,13.95
2026-05-02T13:06:00Z,1.00,2.00,8.05,32.00,49.00,15.00
2026-05-02T13:07:00Z,1.00,2.00,8.05,32.00,49.00,14.00
2026-05-02T13:08:00Z,1.00,2.00,8.05,32.00,49.00,14.00
2026-05-02T13:09:00Z,1.00,2.00,8.05,32.00,49.00,14.00
2026-05-02T13:10:00Z,1.00,2.00,8.05,31.00,49.00,12.00
2026-05-02T13:11:00Z,1.00,2.00,8.05,31.00,49.00,12.00
2026-05-02T13:12:00Z,1.00,2.00,8.00,32.00,49.00,12.00
2026-05-02T13:13:00Z,1.00,2.00,8.00,32.00,49.59,14.00
2026-05-02T13:15:00Z,1.00,2.00,8.00,32.00,50.64,14.00
2026-05-02T13:16:00Z,1.00,2.00,8.00,32.00,51.55,14.00
2026-05-02T13:17:00Z,1.00,2.00,8.00,32.00,49.00,16.09
2026-05-02T13:18:00Z,1.00,2.00,8.00,32.00,51.00,16.09
2026-05-02T13:19:00Z,1.00,2.00,8.00,32.00,51.00,14.28
2026-05-02T13:20:00Z,1.00,2.00,5.30,31.00,51.00,14.28
2026-05-02T13:22:00Z,1.00,2.00,6.00,31.00,51.00,14.28
2026-05-02T13:23:00Z,1.00,2.00,6.00,31.00,51.00,14.28
2026-05-02T13:25:00Z,1.00,1.00,5.00,31.00,51.00,14.28
2026-05-02T13:26:00Z,1.00,1.00,5.00,29.28,51.00,14.00
2026-05-02T13:30:00Z,1.00,1.35,4.00,29.28,48.00,14.00
2026-05-02T13:31:00Z,1.00,1.35,4.00,29.28,48.00,14.00
2026-05-02T13:33:00Z,1.00,2.00,4.00,29.00,48.00,14.00
2026-05-02T13:35:00Z,1.00,1.00,4.00,29.00,48.00,14.00
2026-05-02T13:37:00Z,1.00,1.00,4.00,30.00,48.00,14.00
2026-05-02T13:38:00Z,1.00,1.00,5.00,30.00,48.00,14.00
2026-05-02T13:39:00Z,1.00,1.00,5.00,30.00,48.00,14.00
2026-05-02T13:40:00Z,1.00,1.63,4.00,29.00,51.46,14.00
2026-05-02T13:41:00Z,1.00,2.00,4.00,29.00,51.46,14.00
2026-05-02T13:42:00Z,1.00,2.00,4.00,29.00,51.46,14.00
2026-05-02T13:43:00Z,1.00,2.00,5.00,29.00,50.94,14.00
2026-05-02T13:44:00Z,1.00,2.00,5.99,29.00,50.94,14.00
2026-05-02T13:45:00Z,1.00,2.00,4.95,29.00,51.96,14.00
2026-05-02T13:46:00Z,1.00,2.00,4.95,29.00,52.76,14.00
2026-05-02T13:47:00Z,1.00,2.00,4.95,29.00,52.00,14.00
2026-05-02T13:48:00Z,1.00,2.00,7.00,28.00,52.00,14.00
2026-05-02T13:49:00Z,1.00,1.00,7.00,28.00,48.00,14.00
2026-05-02T13:51:00Z,1.00,1.00,7.00,28.31,48.00,14.00
2026-05-02T13:52:00Z,1.00,1.00,7.00,29.00,49.00,14.45
2026-05-02T13:53:00Z,1.00,1.00,5.00,28.00,48.00,21.28
2026-05-02T13:54:00Z,1.00,1.00,6.00,28.52,47.81,17.53
2026-05-02T13:56:00Z,1.00,1.00,6.00,28.52,48.00,17.00
2026-05-02T13:57:00Z,1.00,1.00,7.00,28.56,48.89,17.00
2026-05-02T13:59:00Z,1.00,1.00,6.00,28.56,50.42,17.00
2026-05-02T14:00:00Z,1.00,1.00,6.00,28.56,47.00,17.00
2026-05-02T14:01:00Z,1.00,2.00,6.68,28.00,47.20,17.00
2026-05-02T14:03:00Z,1.00,1.00,6.68,28.00,47.20,17.00
2026-05-02T14:04:00Z,1.00,1.00,6.68,28.00,51.24,15.42
2026-05-02T14:05:00Z,1.00,1.00,6.68,29.00,52.00,15.42
2026-05-02T14:06:00Z,1.00,1.00,6.68,29.00,52.00,19.97
2026-05-02T14:07:00Z,1.00,1.00,6.68,26.53,52.00,17.00
2026-05-02T14:08:00Z,1.00,1.00,6.00,26.53,52.00,17.00
2026-05-02T14:09:00Z,1.00,1.00,6.00,25.89,52.00,17.00
2026-05-02T14:10:00Z,1.00,1.00,6.00,26.00,52.00,19.09
2026-05-02T14:11:00Z,1.00,1.00,6.00,25.00,51.00,18.00
2026-05-02T14:12:00Z,1.00,1.00,6.00,27.85,51.00,18.00
2026-05-02T14:13:00Z,1.00,1.00,6.00,27.85,51.00,18.00
2026-05-02T14:14:00Z,1.00,1.00,6.00,27.00,51.00,18.00
2026-05-02T14:16:00Z,1.00,1.00,6.00,26.00,51.00,19.23
2026-05-02T14:17:00Z,1.00,1.00,6.00,26.00,51.00,22.00
2026-05-02T14:18:00Z,1.00,1.00,6.00,26.00,52.00,22.00
2026-05-02T14:20:00Z,1.00,1.00,6.00,26.00,48.00,23.85
2026-05-02T14:21:00Z,1.00,1.00,5.00,24.07,47.98,22.00
2026-05-02T14:22:00Z,1.00,1.00,5.00,23.00,47.40,22.00
2026-05-02T14:23:00Z,1.00,1.00,4.00,22.00,48.90,23.13
2026-05-02T14:24:00Z,1.00,1.00,4.00,20.90,48.90,22.00
2026-05-02T14:25:00Z,1.00,1.00,4.00,21.00,48.00,22.00
2026-05-02T14:26:00Z,1.00,1.00,4.00,22.00,51.00,22.00
2026-05-02T14:27:00Z,1.00,1.00,2.00,21.00,51.00,24.01
2026-05-02T14:28:00Z,1.00,1.00,2.00,21.00,49.50,23.00
2026-05-02T14:29:00Z,1.00,1.00,4.03,21.92,52.00,22.00
2026-05-02T14:30:00Z,1.00,1.00,4.03,21.92,48.00,22.00
2026-05-02T14:31:00Z,1.00,1.00,4.03,21.92,49.37,22.00
2026-05-02T14:32:00Z,1.00,1.00,4.00,21.92,53.00,22.00
2026-05-02T14:33:00Z,1.00,1.00,4.00,21.92,54.41,22.00
2026-05-02T14:34:00Z,1.00,1.00,5.00,21.92,55.61,22.00
2026-05-02T14:35:00Z,1.00,1.00,5.00,19.96,55.61,22.00
2026-05-02T14:36:00Z,1.00,1.00,5.00,19.96,53.84,22.00
2026-05-02T14:37:00Z,1.00,1.00,5.00,20.99,52.90,22.00
2026-05-02T14:38:00Z,1.00,1.00,5.00,20.00,52.00,22.00
2026-05-02T14:39:00Z,1.00,1.00,5.00,20.00,52.05,22.00
2026-05-02T14:40:00Z,1.00,1.00,5.00,18.62,52.00,22.00
2026-05-02T14:41:00Z,1.00,1.00,5.00,18.62,52.70,20.76
2026-05-02T14:42:00Z,1.00,1.00,5.00,18.62,53.00,20.76
2026-05-02T14:43:00Z,1.00,1.00,5.00,18.62,55.51,21.42
2026-05-02T14:44:00Z,1.00,1.00,4.00,18.92,52.00,28.24
2026-05-02T14:45:00Z,1.00,1.00,4.00,18.92,52.05,28.24
2026-05-02T14:46:00Z,1.00,1.00,4.00,18.92,51.00,28.00
2026-05-02T14:47:00Z,1.00,1.00,3.00,16.99,51.00,28.00
2026-05-02T14:48:00Z,1.00,1.00,3.00,16.99,51.00,30.00
2026-05-02T14:49:00Z,1.00,1.00,3.00,19.66,52.78,26.00
2026-05-02T14:50:00Z,1.00,1.00,3.00,19.66,53.54,27.11
2026-05-02T14:51:00Z,1.00,1.00,3.00,17.05,51.35,25.18
2026-05-02T14:52:00Z,1.00,1.00,3.00,17.00,51.36,25.00
2026-05-02T14:53:00Z,1.00,1.00,3.00,16.00,51.43,25.00
2026-05-02T14:54:00Z,1.00,1.00,3.00,18.00,52.78,25.07
2026-05-02T14:55:00Z,1.00,1.00,2.00,18.00,52.05,25.07
2026-05-02T14:56:00Z,1.00,1.00,2.00,16.64,49.68,26.00
2026-05-02T14:57:00Z,1.00,1.00,2.00,22.29,49.47,26.00
2026-05-02T14:58:00Z,1.00,1.00,2.00,22.29,48.00,26.00
2026-05-02T14:59:00Z,1.00,1.00,2.00,18.00,50.64,26.00
2026-05-02T15:00:00Z,1.00,1.00,2.00,17.36,48.03,31.85
2026-05-02T15:01:00Z,1.00,1.00,2.72,16.00,47.20,33.50
2026-05-02T15:02:00Z,1.00,1.00,2.72,16.00,48.00,35.00
2026-05-02T15:03:00Z,1.00,1.00,3.65,17.00,48.00,35.00
2026-05-02T15:04:00Z,1.00,1.00,3.65,17.00,45.00,33.58
2026-05-02T15:05:00Z,1.00,1.00,3.65,18.03,45.00,33.00
2026-05-02T15:06:00Z,1.00,1.00,3.36,18.85,48.40,33.00
2026-05-02T15:07:00Z,1.00,1.00,3.42,18.85,48.00,33.00
2026-05-02T15:08:00Z,1.00,1.00,3.42,18.85,47.65,33.00
2026-05-02T15:09:00Z,1.00,1.00,3.42,22.00,48.00,33.00
2026-05-02T15:10:00Z,1.00,1.00,4.01,22.00,48.00,33.00
2026-05-02T15:11:00Z,1.00,1.00,4.35,24.24,48.00,33.00
2026-05-02T15:12:00Z,1.00,1.00,2.94,29.01,46.06,27.06
2026-05-02T15:13:00Z,1.00,1.00,4.00,32.38,46.06,27.06
2026-05-02T15:14:00Z,1.00,1.00,2.00,35.59,46.00,21.45
2026-05-02T15:15:00Z,1.00,1.00,2.00,37.11,46.00,21.45
2026-05-02T15:17:00Z,1.00,1.00,2.00,30.11,45.83,26.00
2026-05-02T15:19:00Z,1.00,1.00,2.00,30.11,45.50,26.00
2026-05-02T15:20:00Z,1.00,1.00,2.00,30.11,45.50,17.11
2026-05-02T15:21:00Z,1.00,1.00,3.75,30.11,45.50,17.11
2026-05-02T15:22:00Z,1.00,1.00,3.75,26.38,48.33,19.00
2026-05-02T15:23:00Z,1.00,1.00,4.00,31.00,48.33,19.00
2026-05-02T15:25:00Z,1.00,1.00,4.00,31.00,47.79,20.50
2026-05-02T15:26:00Z,1.00,1.00,2.00,29.00,54.24,19.73
2026-05-02T15:27:00Z,1.00,1.00,4.00,29.00,48.00,19.22
2026-05-02T15:28:00Z,1.00,1.00,2.77,31.19,48.00,16.67
2026-05-02T15:29:00Z,1.00,1.00,2.77,31.19,52.00,21.69
2026-05-02T15:30:00Z,1.00,1.00,5.00,33.00,52.00,21.00
2026-05-02T15:31:00Z,1.00,1.00,5.00,33.00,52.00,23.00
2026-05-02T15:32:00Z,1.00,1.00,5.00,33.00,52.00,24.00
2026-05-02T15:33:00Z,1.00,1.00,5.00,33.00,45.00,20.00
2026-05-02T15:34:00Z,1.00,1.00,5.00,33.00,45.00,19.00
2026-05-02T15:35:00Z,1.00,1.00,5.00,33.00,44.00,17.45
2026-05-02T15:36:00Z,1.00,1.00,4.00,27.38,44.00,18.99
2026-05-02T15:37:00Z,1.00,1.00,4.00,25.67,46.49,18.99
2026-05-02T15:38:00Z,1.00,1.00,4.00,25.67,48.00,18.99
2026-05-02T15:39:00Z,1.00,1.00,4.00,29.00,48.00,18.99
2026-05-02T15:40:00Z,1.00,1.00,4.00,29.00,48.00,19.26
2026-05-02T15:41:00Z,1.00,1.00,4.00,29.96,48.00,19.26
2026-05-02T15:42:00Z,1.00,1.00,4.00,30.00,48.00,19.26
2026-05-02T15:43:00Z,1.00,1.00,4.00,30.00,48.00,17.03
2026-05-02T15:44:00Z,1.00,1.00,4.00,30.00,48.00,17.03
2026-05-02T15:45:00Z,1.00,1.00,2.00,30.00,48.00,17.03
2026-05-02T15:46:00Z,1.00,1.00,2.00,30.00,48.00,15.66
2026-05-02T15:47:00Z,1.00,1.00,2.00,30.00,46.94,17.00
2026-05-02T15:48:00Z,1.00,1.00,2.00,31.00,46.94,17.00
2026-05-02T15:49:00Z,1.00,1.00,2.00,31.68,48.00,17.00
2026-05-02T15:50:00Z,1.00,1.00,2.00,36.00,48.00,15.04
2026-05-02T15:53:00Z,1.00,1.00,2.00,36.00,47.00,15.04
2026-05-02T15:54:00Z,1.00,1.00,2.00,35.00,47.00,15.04
2026-05-02T15:55:00Z,1.00,1.00,2.00,32.22,47.00,15.04
2026-05-02T15:56:00Z,1.00,1.00,3.00,32.22,47.00,15.04
2026-05-02T15:57:00Z,1.00,1.00,3.00,33.00,47.00,15.04
2026-05-02T15:58:00Z,1.00,1.00,3.00,34.00,47.00,15.04
2026-05-02T15:59:00Z,1.00,1.00,2.14,34.00,47.00,17.31
2026-05-02T16:00:00Z,1.00,1.00,2.14,34.00,47.00,17.31
2026-05-02T16:01:00Z,1.00,1.00,2.14,34.00,47.00,17.31
2026-05-02T16:02:00Z,1.00,1.00,2.14,34.00,47.79,19.00
2026-05-02T16:03:00Z,1.00,1.00,3.00,34.81,47.79,19.00
2026-05-02T16:04:00Z,1.00,1.00,5.32,37.43,47.79,15.68
2026-05-02T16:05:00Z,1.00,1.00,1.50,37.43,47.79,15.68
2026-05-02T16:08:00Z,1.00,1.00,1.50,34.46,47.79,15.68
2026-05-02T16:09:00Z,1.00,1.00,3.89,33.87,47.79,15.68
2026-05-02T16:10:00Z,1.00,1.00,3.89,33.37,47.79,19.98
2026-05-02T16:11:00Z,1.00,1.00,3.89,30.61,47.00,19.98
2026-05-02T16:12:00Z,1.00,1.00,3.89,30.61,52.92,19.98
2026-05-02T16:13:00Z,1.00,1.00,3.00,30.61,52.92,19.98
2026-05-02T16:14:00Z,1.00,1.00,2.00,30.77,52.34,19.98
2026-05-02T16:15:00Z,1.00,1.00,2.00,34.04,54.81,19.98
2026-05-02T16:16:00Z,1.00,1.00,2.00,34.04,52.80,19.98
2026-05-02T16:18:00Z,1.00,1.00,2.00,34.04,52.80,19.45
2026-05-02T16:19:00Z,1.00,1.00,1.00,32.00,52.80,19.45
2026-05-02T16:20:00Z,1.00,1.00,1.00,31.00,53.00,19.45
2026-05-02T16:22:00Z,1.00,1.00,1.00,31.00,53.00,19.45
2026-05-02T16:23:00Z,1.00,1.00,1.00,34.00,53.00,19.45
2026-05-02T16:24:00Z,1.00,1.00,1.00,22.42,49.80,19.45
2026-05-02T16:25:00Z,1.00,1.00,1.00,22.42,49.00,19.45
2026-05-02T16:26:00Z,1.00,1.00,1.00,22.42,49.00,18.00
2026-05-02T16:28:00Z,1.00,1.00,1.00,27.00,49.00,18.00
2026-05-02T16:29:00Z,1.00,1.00,1.00,30.54,49.96,18.00
2026-05-02T16:31:00Z,1.00,1.00,1.00,30.54,49.96,18.00
2026-05-02T16:32:00Z,1.00,1.00,1.00,30.54,49.96,16.28
2026-05-02T16:33:00Z,1.00,1.00,1.00,30.11,51.00,16.28
2026-05-02T16:35:00Z,1.00,1.00,1.00,30.00,51.00,16.28
2026-05-02T16:36:00Z,1.00,1.00,1.00,20.75,57.89,18.00
2026-05-02T16:37:00Z,1.00,1.00,1.00,21.00,57.43,20.02
2026-05-02T16:38:00Z,1.00,1.00,1.00,23.00,57.43,20.02
2026-05-02T16:39:00Z,1.00,1.00,1.00,24.92,57.43,20.02
2026-05-02T16:40:00Z,1.00,1.00,1.00,24.92,59.00,20.02
2026-05-02T16:41:00Z,1.00,1.00,1.00,24.92,59.00,20.02
2026-05-02T16:43:00Z,1.00,1.00,1.00,25.70,59.00,20.02
2026-05-02T16:44:00Z,1.00,1.00,1.00,25.70,59.00,20.02
2026-05-02T16:46:00Z,1.00,1.00,1.00,25.70,52.99,21.00
2026-05-02T16:47:00Z,1.00,1.00,1.00,25.70,52.99,21.00
2026-05-02T16:49:00Z,1.00,1.00,1.00,22.55,52.99,22.00
2026-05-02T16:50:00Z,1.00,1.00,1.00,20.30,52.99,25.00
2026-05-02T16:51:00Z,1.00,1.00,1.00,19.00,52.99,25.00
2026-05-02T16:52:00Z,1.00,1.00,1.00,22.61,52.99,24.00
2026-05-02T16:53:00Z,1.00,1.00,1.00,25.20,52.99,24.00
2026-05-02T16:54:00Z,1.00,1.00,1.00,25.20,51.00,24.00
2026-05-02T16:55:00Z,1.00,1.00,1.00,25.20,57.29,24.00
2026-05-02T16:56:00Z,1.00,1.00,1.00,27.65,57.84,23.91
2026-05-02T16:57:00Z,1.00,1.00,1.00,27.65,58.21,17.11
2026-05-02T16:58:00Z,1.00,1.00,1.00,26.00,58.21,17.11
2026-05-02T17:00:00Z,1.00,1.00,1.00,26.12,56.00,16.00
2026-05-02T17:01:00Z,1.00,1.00,1.00,26.12,56.00,16.00
2026-05-02T17:02:00Z,1.00,1.00,1.00,26.12,59.00,17.79
2026-05-02T17:03:00Z,1.00,1.00,1.00,25.00,52.00,17.79
2026-05-02T17:04:00Z,1.00,1.00,1.00,25.00,57.45,21.67
2026-05-02T17:05:00Z,1.00,1.00,1.00,25.00,57.45,21.67
2026-05-02T17:06:00Z,1.00,1.00,1.00,25.00,57.45,20.00
2026-05-02T17:07:00Z,1.00,1.00,1.00,25.00,57.45,20.00
2026-05-02T17:08:00Z,1.00,1.00,1.00,25.00,51.00,20.00
2026-05-02T17:09:00Z,1.00,1.00,1.00,24.00,51.00,21.00
2026-05-02T17:10:00Z,1.00,1.00,1.00,24.00,53.00,21.00
2026-05-02T17:11:00Z,1.00,1.00,1.00,24.43,58.24,20.63
2026-05-02T17:12:00Z,1.00,1.00,1.00,24.43,52.00,20.63
2026-05-02T17:13:00Z,1.00,1.00,1.00,25.00,52.00,21.00
2026-05-02T17:14:00Z,1.00,1.00,1.00,25.00,52.00,20.00
2026-05-02T17:15:00Z,1.00,1.00,1.00,25.23,57.85,21.74
2026-05-02T17:16:00Z,1.00,1.00,1.00,29.94,57.85,21.74
2026-05-02T17:17:00Z,1.00,1.00,1.00,29.94,57.85,22.00
2026-05-02T17:18:00Z,1.00,1.00,1.00,26.23,57.85,22.00
2026-05-02T17:19:00Z,1.00,1.00,1.00,24.08,59.03,22.00
2026-05-02T17:20:00Z,1.00,1.00,1.00,23.51,60.48,20.00
2026-05-02T17:21:00Z,1.00,1.00,1.00,20.89,56.86,20.00
2026-05-02T17:22:00Z,1.00,1.00,1.00,20.57,56.86,20.00
2026-05-02T17:23:00Z,1.00,1.00,1.00,21.82,56.86,20.00
2026-05-02T17:24:00Z,1.00,1.00,1.00,18.80,59.85,23.00
2026-05-02T17:25:00Z,1.00,1.00,1.00,18.80,57.83,23.00
2026-05-02T17:26:00Z,1.00,1.00,1.00,22.00,55.00,23.00
2026-05-02T17:27:00Z,1.00,1.00,1.00,20.00,55.00,23.00
2026-05-02T17:28:00Z,1.00,1.00,1.00,22.90,59.70,20.00
2026-05-02T17:29:00Z,1.00,1.00,1.00,24.48,60.73,20.00
2026-05-02T17:30:00Z,1.00,1.00,1.00,24.00,58.17,20.00
2026-05-02T17:31:00Z,1.00,1.00,1.00,24.00,60.17,20.00
2026-05-02T17:32:00Z,1.00,1.00,1.00,19.84,61.00,20.00
2026-05-02T17:33:00Z,1.00,1.00,1.00,19.84,61.00,23.78
2026-05-02T17:34:00Z,1.00,1.00,1.00,16.56,63.44,23.78
2026-05-02T17:35:00Z,1.00,1.00,1.00,16.56,64.00,23.78
2026-05-02T17:36:00Z,1.00,1.00,1.00,16.56,64.00,25.78
2026-05-02T17:37:00Z,1.00,1.00,1.00,16.56,63.00,25.78
2026-05-02T17:38:00Z,1.00,1.00,1.00,14.79,56.00,25.84
2026-05-02T17:39:00Z,1.00,1.00,1.00,18.85,56.00,25.84
2026-05-02T17:40:00Z,1.00,1.00,1.00,18.85,60.50,30.36
2026-05-02T17:41:00Z,1.00,1.00,1.00,18.85,64.00,30.36
2026-05-02T17:42:00Z,1.00,1.00,1.00,16.64,58.54,30.36
2026-05-02T17:43:00Z,1.00,1.00,1.00,16.64,58.54,30.36
2026-05-02T17:44:00Z,1.00,1.00,1.00,16.64,64.00,30.36
2026-05-02T17:45:00Z,1.00,1.00,1.00,16.64,64.00,21.00
2026-05-02T17:46:00Z,1.00,1.00,1.00,16.64,60.00,21.00
2026-05-02T17:47:00Z,1.00,1.00,1.00,16.64,60.00,22.00
2026-05-02T17:48:00Z,1.00,1.00,1.00,16.07,62.38,22.00
2026-05-02T17:49:00Z,1.00,1.00,1.00,16.07,65.00,22.00
2026-05-02T17:50:00Z,1.00,1.00,1.00,18.00,59.44,22.00
2026-05-02T17:51:00Z,1.00,1.00,1.00,17.00,64.20,22.00
2026-05-02T17:52:00Z,1.00,1.00,1.00,14.47,64.20,22.62
2026-05-02T17:53:00Z,1.00,1.00,1.00,14.47,64.20,21.40
2026-05-02T17:54:00Z,1.00,1.00,1.00,11.00,58.30,22.00
2026-05-02T17:55:00Z,1.00,1.00,1.00,11.00,64.62,22.00
2026-05-02T17:56:00Z,1.00,1.00,1.00,15.85,63.62,22.00
2026-05-02T17:57:00Z,1.00,1.00,1.00,17.39,63.50,23.33
2026-05-02T17:58:00Z,1.00,1.00,1.00,21.00,63.50,22.00
2026-05-02T17:59:00Z,1.00,1.00,1.00,20.98,59.25,24.00
2026-05-02T18:00:00Z,1.00,1.00,1.00,24.00,59.25,24.00
2026-05-02T18:01:00Z,1.00,1.00,1.00,22.54,59.25,21.28
2026-05-02T18:02:00Z,1.00,1.00,1.00,22.54,59.78,18.14
2026-05-02T18:03:00Z,1.00,1.00,1.00,22.92,59.78,16.00
2026-05-02T18:04:00Z,1.00,1.00,1.00,22.92,59.78,16.00
2026-05-02T18:05:00Z,1.00,1.00,1.00,25.00,54.33,16.00
2026-05-02T18:06:00Z,1.00,1.00,1.00,19.35,54.33,17.24
2026-05-02T18:07:00Z,1.00,1.00,1.00,19.35,64.59,19.00
2026-05-02T18:08:00Z,1.00,1.00,1.00,17.00,63.23,20.00
2026-05-02T18:09:00Z,1.00,1.00,1.00,13.10,63.23,20.00
2026-05-02T18:10:00Z,1.00,1.00,1.00,18.96,63.23,20.00
2026-05-02T18:11:00Z,1.00,1.00,1.00,19.00,60.15,18.06
2026-05-02T18:12:00Z,1.00,1.00,1.00,18.84,60.15,18.06
2026-05-02T18:13:00Z,1.00,1.00,1.00,21.00,63.72,18.06
2026-05-02T18:14:00Z,1.00,1.00,1.00,24.00,63.72,18.06
2026-05-02T18:15:00Z,1.00,1.00,1.00,18.57,63.72,18.06
2026-05-02T18:16:00Z,1.00,1.00,1.00,18.39,53.00,22.65
2026-05-02T18:17:00Z,1.00,1.00,1.00,21.00,53.00,22.65
2026-05-02T18:18:00Z,1.00,1.00,1.00,17.76,53.00,22.65
2026-05-02T18:19:00Z,1.00,1.00,1.00,17.76,59.00,22.65
2026-05-02T18:21:00Z,1.00,1.00,1.00,22.00,59.00,22.65
2026-05-02T18:22:00Z,1.00,1.00,1.00,22.00,61.61,19.10
2026-05-02T18:23:00Z,1.00,1.00,1.00,22.00,55.52,19.10
2026-05-02T18:24:00Z,1.00,1.00,1.00,22.71,55.52,19.10
2026-05-02T18:25:00Z,1.00,1.00,1.00,18.00,55.52,19.10
2026-05-02T18:26:00Z,1.00,1.00,1.00,25.00,55.52,19.10
2026-05-02T18:27:00Z,1.00,1.00,1.00,25.00,55.00,19.10
2026-05-02T18:28:00Z,1.00,1.00,1.00,5.16,64.69,27.64
2026-05-02T18:29:00Z,1.00,1.00,1.00,1.00,66.89,35.28
2026-05-02T18:30:00Z,1.00,1.00,1.00,1.00,66.89,29.00
2026-05-02T18:31:00Z,1.00,1.00,1.00,1.00,63.16,29.00
2026-05-02T18:32:00Z,1.00,1.00,1.00,1.00,65.75,29.00
2026-05-02T18:33:00Z,1.00,1.00,1.00,1.00,62.00,29.00
2026-05-02T18:34:00Z,1.00,1.00,1.00,1.00,65.55,37.00
2026-05-02T18:35:00Z,1.00,1.00,1.00,1.00,68.65,29.00
2026-05-02T18:36:00Z,1.00,1.00,1.00,1.00,68.73,30.51
2026-05-02T18:39:00Z,1.00,1.00,1.00,1.00,69.38,29.82
2026-05-02T18:40:00Z,1.00,1.00,1.00,1.00,69.54,36.08
2026-05-02T18:41:00Z,1.00,1.00,1.00,1.00,69.54,32.83
2026-05-02T18:42:00Z,1.00,1.00,1.00,1.00,63.35,37.76
2026-05-02T18:43:00Z,1.00,1.00,1.00,1.00,57.48,37.76
2026-05-02T18:44:00Z,1.00,1.00,1.00,1.00,53.54,41.16
2026-05-02T18:45:00Z,1.00,1.00,1.00,1.00,53.92,46.26
2026-05-02T18:46:00Z,1.00,1.00,1.00,1.00,53.92,51.44
2026-05-02T18:47:00Z,1.00,1.00,1.00,1.00,52.00,47.00
2026-05-02T18:48:00Z,1.00,1.00,1.00,1.00,55.18,44.71
2026-05-02T18:49:00Z,1.00,1.00,1.00,1.00,53.34,42.04
2026-05-02T18:50:00Z,1.00,1.00,1.00,1.00,53.34,42.88
2026-05-02T18:51:00Z,1.00,1.00,1.00,1.00,52.04,46.38
2026-05-02T18:52:00Z,1.00,1.00,1.00,1.00,53.00,42.00
2026-05-02T18:54:00Z,1.00,1.00,1.00,1.00,57.42,41.03
2026-05-02T18:55:00Z,1.00,1.00,1.00,1.00,57.42,34.00
2026-05-02T18:56:00Z,1.00,1.00,1.00,1.00,63.00,38.96
2026-05-02T18:58:00Z,1.00,1.00,1.00,1.00,55.10,38.96
2026-05-02T18:59:00Z,1.00,1.00,1.00,1.00,63.35,33.33
2026-05-02T19:00:00Z,1.00,1.00,1.00,1.00,69.00,33.33
2026-05-02T19:01:00Z,1.00,1.00,1.00,1.00,69.72,32.00
2026-05-02T19:03:00Z,1.00,1.00,1.00,1.00,70.22,28.16
2026-05-02T19:04:00Z,1.00,1.00,1.00,1.00,68.11,26.00
2026-05-02T19:05:00Z,1.00,1.00,1.00,1.00,70.22,28.00
2026-05-02T19:06:00Z,1.00,1.00,1.00,1.00,71.54,24.00
2026-05-02T19:07:00Z,1.00,1.00,1.00,1.00,71.00,26.78
2026-05-02T19:08:00Z,1.00,1.00,1.00,1.00,71.00,26.78
2026-05-02T19:11:00Z,1.00,1.00,1.00,1.00,74.85,26.78
2026-05-02T19:12:00Z,1.00,1.00,1.00,1.00,75.04,26.78
2026-05-02T19:13:00Z,1.00,1.00,1.00,1.00,67.27,36.03
2026-05-02T19:14:00Z,1.00,1.00,1.00,1.00,67.27,42.87
2026-05-02T19:15:00Z,1.00,1.00,1.00,1.00,67.27,48.00
2026-05-02T19:16:00Z,1.00,1.00,1.00,1.00,53.94,45.52
2026-05-02T19:17:00Z,1.00,1.00,1.00,1.00,56.76,45.00
2026-05-02T19:18:00Z,1.00,1.00,1.00,1.00,57.66,45.00
2026-05-02T19:20:00Z,1.00,1.00,1.00,1.00,68.24,33.45
2026-05-02T19:21:00Z,1.00,1.00,1.00,1.00,73.00,33.45
2026-05-02T19:22:00Z,1.00,1.00,1.00,1.00,73.00,26.33
2026-05-02T19:23:00Z,1.00,1.00,1.00,1.00,72.00,23.90
2026-05-02T19:24:00Z,1.00,1.00,1.00,1.00,72.00,23.90
2026-05-02T19:26:00Z,1.00,1.00,1.00,1.00,76.00,23.90
2026-05-02T19:27:00Z,1.00,1.00,1.00,1.00,77.78,22.88
2026-05-02T19:28:00Z,1.00,1.00,1.00,1.00,74.00,25.53
2026-05-02T19:30:00Z,1.00,1.00,1.00,1.00,77.38,24.03
2026-05-02T19:32:00Z,1.00,1.00,1.00,1.00,78.72,25.56
2026-05-02T19:33:00Z,1.00,1.00,1.00,1.00,78.28,23.26
2026-05-02T19:34:00Z,1.00,1.00,1.00,1.00,80.42,24.00
2026-05-02T19:35:00Z,1.00,1.00,1.00,1.00,81.00,20.11
2026-05-02T19:36:00Z,1.00,1.00,1.00,1.00,77.44,20.15
2026-05-02T19:37:00Z,1.00,1.00,1.00,1.00,82.66,20.85
2026-05-02T19:38:00Z,1.00,1.00,1.00,1.00,77.54,24.12
2026-05-02T19:39:00Z,1.00,1.00,1.00,1.00,72.00,24.12
2026-05-02T19:41:00Z,1.00,1.00,1.00,1.00,70.50,29.63
2026-05-02T19:43:00Z,1.00,1.00,1.00,1.00,64.87,29.63
2026-05-02T19:44:00Z,1.00,1.00,1.00,1.00,64.87,29.63
2026-05-02T19:45:00Z,1.00,1.00,1.00,1.00,62.00,31.91
2026-05-02T19:46:00Z,1.00,1.00,1.00,1.00,62.00,27.00
2026-05-02T19:47:00Z,1.00,1.00,1.00,1.00,70.78,27.00
2026-05-02T19:48:00Z,1.00,1.00,1.00,1.00,72.00,24.84
2026-05-02T19:49:00Z,1.00,1.00,1.00,1.00,81.58,20.56
2026-05-02T19:50:00Z,1.00,1.00,1.00,1.00,85.00,16.42
2026-05-02T19:51:00Z,1.00,1.00,1.00,1.00,85.00,17.98
2026-05-02T19:52:00Z,1.00,1.00,1.00,1.00,85.95,12.00
2026-05-02T19:53:00Z,1.00,1.00,1.00,1.00,86.00,12.00
2026-05-02T19:54:00Z,1.00,1.00,1.00,1.00,90.69,9.00
2026-05-02T19:56:00Z,1.00,1.00,1.00,1.00,92.00,9.00
2026-05-02T19:57:00Z,1.00,1.00,1.00,1.00,92.00,12.00
2026-05-02T19:58:00Z,1.00,1.00,1.00,1.00,92.00,12.00
2026-05-02T19:59:00Z,1.00,1.00,1.00,1.00,92.20,12.75
2026-05-02T20:00:00Z,1.00,1.00,1.00,1.00,89.62,11.00
2026-05-02T20:01:00Z,1.00,1.00,1.00,1.00,92.00,11.00
2026-05-02T20:02:00Z,1.00,1.00,1.00,1.00,92.00,13.01
2026-05-02T20:03:00Z,1.00,1.00,1.00,1.00,92.53,10.00
2026-05-02T20:04:00Z,1.00,1.00,1.00,1.00,91.06,11.00
2026-05-02T20:05:00Z,1.00,1.00,1.00,1.00,92.60,10.63
2026-05-02T20:06:00Z,1.00,1.00,1.00,1.00,91.46,10.63
2026-05-02T20:07:00Z,1.00,1.00,1.00,1.00,91.00,8.19
2026-05-02T20:08:00Z,1.00,1.00,1.00,1.00,91.00,8.07
2026-05-02T20:09:00Z,1.00,1.00,1.00,1.00,94.03,8.19
2026-05-02T20:10:00Z,1.00,1.00,1.00,1.00,96.00,8.19
2026-05-02T20:12:00Z,1.00,1.00,1.00,1.00,94.00,8.19
2026-05-02T20:13:00Z,1.00,1.00,1.00,1.00,96.00,8.00
2026-05-02T20:14:00Z,1.00,1.00,1.00,1.00,94.00,8.00
2026-05-02T20:15:00Z,1.00,1.00,1.00,1.00,88.75,8.00
2026-05-02T20:16:00Z,1.00,1.00,1.00,1.00,75.84,11.14
2026-05-02T20:17:00Z,1.00,1.00,1.00,1.00,75.50,9.00
2026-05-02T20:18:00Z,1.00,1.00,1.00,1.00,72.66,9.00
2026-05-02T20:19:00Z,1.00,1.00,1.00,1.00,74.57,12.00
2026-05-02T20:20:00Z,1.00,1.00,1.00,1.00,80.62,12.00
2026-05-02T20:21:00Z,1.00,1.00,1.00,1.00,80.00,12.00
2026-05-02T20:22:00Z,1.00,1.00,1.00,1.00,77.25,12.00
2026-05-02T20:24:00Z,1.00,1.00,1.00,1.00,82.83,18.00
2026-05-02T20:25:00Z,1.00,1.00,1.00,1.00,85.00,18.14
2026-05-02T20:26:00Z,1.00,1.00,1.00,1.00,90.01,14.12
2026-05-02T20:27:00Z,1.00,1.00,1.00,1.00,83.00,10.43
2026-05-02T20:28:00Z,1.00,1.00,1.00,1.00,90.00,10.00
2026-05-02T20:29:00Z,1.00,1.00,1.00,1.00,90.00,18.00
2026-05-02T20:30:00Z,1.00,1.00,1.00,1.00,93.11,8.38
2026-05-02T20:31:00Z,1.00,1.00,1.00,1.00,93.11,15.00
2026-05-02T20:32:00Z,1.00,1.00,1.00,1.00,86.91,12.06
2026-05-02T20:33:00Z,1.00,1.00,1.00,1.00,86.91,15.44
2026-05-02T20:34:00Z,1.00,1.00,1.00,1.00,94.00,15.44
2026-05-02T20:36:00Z,1.00,1.00,1.00,1.00,87.00,15.44
2026-05-02T20:39:00Z,1.00,1.00,1.00,1.00,94.00,10.00
2026-05-02T20:40:00Z,1.00,1.00,1.00,1.00,94.00,10.00
2026-05-02T20:41:00Z,1.00,1.00,1.00,1.00,93.77,12.00
2026-05-02T20:44:00Z,1.00,1.00,1.00,1.00,90.00,12.00
2026-05-02T20:45:00Z,1.00,1.00,1.00,1.00,94.10,8.20
2026-05-02T20:46:00Z,1.00,1.00,1.00,1.00,89.14,8.20
2026-05-02T20:47:00Z,1.00,1.00,1.00,1.00,90.00,8.20
2026-05-02T20:48:00Z,1.00,1.00,1.00,1.00,90.00,8.20
2026-05-02T20:49:00Z,1.00,1.00,1.00,1.00,87.00,14.00
2026-05-02T20:50:00Z,1.00,1.00,1.00,1.00,82.08,14.00
2026-05-02T20:51:00Z,1.00,1.00,1.00,1.00,85.00,14.00
2026-05-02T20:52:00Z,1.00,1.00,1.00,1.00,90.54,12.71
2026-05-02T20:53:00Z,1.00,1.00,1.00,1.00,90.54,5.96
2026-05-02T20:54:00Z,1.00,1.00,1.00,1.00,96.00,5.10
2026-05-02T20:56:00Z,1.00,1.00,1.00,1.00,96.00,5.10
2026-05-02T20:57:00Z,1.00,1.00,1.00,1.00,91.73,7.70
2026-05-02T20:58:00Z,1.00,1.00,1.00,1.00,79.10,16.63
2026-05-02T20:59:00Z,1.00,1.00,1.00,1.00,73.76,33.22
2026-05-02T21:00:00Z,1.00,1.00,1.00,1.00,78.69,20.60
2026-05-02T21:01:00Z,1.00,1.00,1.00,1.00,78.69,21.26
2026-05-02T21:02:00Z,1.00,1.00,1.00,1.00,81.92,21.26
2026-05-02T21:03:00Z,1.00,1.00,1.00,1.00,85.00,12.00
2026-05-02T21:04:00Z,1.00,1.00,1.00,1.00,80.37,16.30
2026-05-02T21:05:00Z,1.00,1.00,1.00,1.00,79.34,16.30
2026-05-02T21:06:00Z,1.00,1.00,1.00,1.00,89.00,11.94
2026-05-02T21:07:00Z,1.00,1.00,1.00,1.00,83.00,11.94
2026-05-02T21:08:00Z,1.00,1.00,1.00,1.00,83.00,9.00
2026-05-02T21:09:00Z,1.00,1.00,1.00,1.00,83.33,17.00
2026-05-02T21:10:00Z,1.00,1.00,1.00,1.00,83.68,18.40
2026-05-02T21:11:00Z,1.00,1.00,1.00,1.00,88.00,18.40
2026-05-02T21:12:00Z,1.00,1.00,1.00,1.00,88.00,11.00
2026-05-02T21:13:00Z,1.00,1.00,1.00,1.00,90.97,8.64
2026-05-02T21:14:00Z,1.00,1.00,1.00,1.00,92.00,7.00
2026-05-02T21:16:00Z,1.00,1.00,1.00,1.00,90.91,7.00
2026-05-02T21:17:00Z,1.00,1.00,1.00,1.00,90.91,7.00
2026-05-02T21:19:00Z,1.00,1.00,1.00,1.00,90.91,14.00
2026-05-02T21:20:00Z,1.00,1.00,1.00,1.00,90.00,14.00
2026-05-02T21:22:00Z,1.00,1.00,1.00,1.00,90.00,14.00
2026-05-02T21:23:00Z,1.00,1.00,1.00,1.00,90.00,14.00
2026-05-02T21:24:00Z,1.00,1.00,1.00,1.00,91.60,9.66
2026-05-02T21:25:00Z,1.00,1.00,1.00,1.00,90.25,9.66
2026-05-02T21:26:00Z,1.00,1.00,1.00,1.00,90.79,9.66
2026-05-02T21:27:00Z,1.00,1.00,1.00,1.00,91.00,10.00
2026-05-02T21:28:00Z,1.00,1.00,1.00,1.00,91.48,7.00
2026-05-02T21:31:00Z,1.00,1.00,1.00,1.00,92.60,4.88
2026-05-02T21:32:00Z,1.00,1.00,1.00,1.00,97.00,4.88
2026-05-02T21:33:00Z,1.00,1.00,1.00,1.00,95.14,1.99
2026-05-02T21:34:00Z,1.00,1.00,1.00,1.00,95.22,2.00
2026-05-02T21:35:00Z,1.00,1.00,1.00,1.00,96.31,2.00
2026-05-02T21:36:00Z,1.00,1.00,1.00,1.00,96.31,4.00
2026-05-02T21:37:00Z,1.00,1.00,1.00,1.00,96.00,4.00
2026-05-02T21:38:00Z,1.00,1.00,1.00,1.00,94.17,4.00
2026-05-02T21:39:00Z,1.00,1.00,1.00,1.00,97.00,4.00
2026-05-02T21:40:00Z,1.00,1.00,1.00,1.00,97.71,4.00
2026-05-02T21:42:00Z,1.00,1.00,1.00,1.00,97.71,4.00
2026-05-02T21:43:00Z,1.00,1.00,1.00,1.00,98.00,4.00
2026-05-02T21:46:00Z,1.00,1.00,1.00,1.00,97.00,3.00
2026-05-02T21:47:00Z,1.00,1.00,1.00,1.00,97.00,3.00
2026-05-02T21:48:00Z,1.00,1.00,1.00,1.00,98.41,1.17
2026-05-02T21:49:00Z,1.00,1.00,1.00,1.00,96.94,1.17
2026-05-02T21:50:00Z,1.00,1.00,1.00,1.00,96.26,1.17
2026-05-02T21:51:00Z,1.00,1.00,1.00,1.00,97.00,2.99
2026-05-02T21:52:00Z,1.00,1.00,1.00,1.00,96.00,2.99
2026-05-02T21:53:00Z,1.00,1.00,1.00,1.00,96.00,4.00
2026-05-02T21:54:00Z,1.00,1.00,1.00,1.00,99.00,1.81
2026-05-02T21:55:00Z,1.00,1.00,1.00,1.00,99.00,1.00
2026-05-02T21:57:00Z,1.00,1.00,1.00,1.00,99.00,1.00
2026-05-02T21:58:00Z,1.00,1.00,1.00,1.00,99.00,1.00
2026-05-02T22:02:00Z,1.00,1.00,1.00,1.00,99.00,1.00
2026-05-02T22:03:00Z,1.00,1.00,1.00,1.00,99.00,1.00
2026-05-02T22:04:00Z,1.00,1.00,1.00,1.00,99.00,1.00
2026-05-02T22:06:00Z,1.00,1.00,1.00,1.00,99.00,1.00
2026-05-02T22:07:00Z,1.00,1.00,1.00,1.00,99.00,1.00
2026-05-02T22:08:00Z,1.00,1.00,1.00,1.00,99.00,1.00
2026-05-02T22:12:00Z,1.00,1.00,1.00,1.00,99.00,1.00
2026-05-02T22:13:00Z,1.00,1.00,1.00,1.00,99.00,1.00
2026-05-02T22:14:00Z,1.00,1.00,1.00,1.00,99.00,1.00
2026-05-02T22:15:00Z,1.00,1.00,1.00,1.00,99.00,1.00
2026-05-02T22:17:00Z,1.00,1.00,1.00,1.00,99.00,1.00
2026-05-02T22:18:00Z,1.00,1.00,1.00,1.00,99.00,1.00
2026-05-02T22:20:00Z,1.00,1.00,1.00,1.00,99.00,1.00
2026-05-02T22:23:00Z,1.00,1.00,1.00,1.00,99.00,1.00
2026-05-02T22:24:00Z,1.00,1.00,1.00,1.00,99.00,1.00
2026-05-02T22:27:00Z,1.00,1.00,1.00,1.00,99.00,1.00
2026-05-02T22:28:00Z,1.00,1.00,1.00,1.00,99.00,1.00
2026-05-02T22:30:00Z,1.00,1.00,1.00,1.00,99.00,1.00
2026-05-02T22:31:00Z,1.00,1.00,1.00,1.00,99.00,1.00
2026-05-02T22:32:00Z,1.00,1.00,1.00,1.00,99.00,1.00
2026-05-02T22:33:00Z,1.00,1.00,1.00,1.00,99.00,1.00
2026-05-02T22:35:00Z,1.00,1.00,1.00,1.00,99.00,1.00
2026-05-02T22:38:00Z,1.00,1.00,1.00,1.00,99.00,1.00
2026-05-02T22:41:00Z,1.00,1.00,1.00,1.00,99.00,1.00
2026-05-02T22:42:00Z,1.00,1.00,1.00,1.00,99.00,1.00
2026-05-02T22:43:00Z,1.00,1.00,1.00,1.00,99.00,1.00
2026-05-02T22:44:00Z,1.00,1.00,1.00,1.00,99.00,1.00
2026-05-02T22:47:00Z,1.00,1.00,1.00,1.00,99.00,1.00
2026-05-02T22:50:00Z,1.00,1.00,1.00,1.00,99.00,1.00
2026-05-02T22:52:00Z,1.00,1.00,1.00,1.00,99.00,1.00
2026-05-02T22:53:00Z,1.00,1.00,1.00,1.00,99.00,1.00
2026-05-02T22:55:00Z,1.00,1.00,1.00,1.00,99.00,1.00
2026-05-02T22:58:00Z,1.00,1.00,1.00,1.00,99.00,1.00
2026-05-02T22:59:00Z,1.00,1.00,1.00,1.00,99.00,1.00
2026-05-02T23:04:00Z,1.00,1.00,1.00,1.00,99.00,1.00
2026-05-02T23:08:00Z,1.00,1.00,1.00,1.00,99.00,1.00
2026-05-02T23:13:00Z,1.00,1.00,1.00,1.00,99.00,1.00
2026-05-02T23:14:00Z,1.00,1.00,1.00,1.00,99.00,1.00
2026-05-02T23:15:00Z,1.00,1.00,1.00,1.00,99.00,1.00
2026-05-02T23:20:00Z,1.00,1.00,1.00,1.00,99.00,1.00
2026-05-02T23:22:00Z,1.00,1.00,1.00,1.00,99.00,1.00
2026-05-02T23:23:00Z,1.00,1.00,1.00,1.00,99.00,1.00
2026-05-02T23:26:00Z,1.00,1.00,1.00,1.00,99.00,1.00
2026-05-02T23:27:00Z,1.00,1.00,1.00,1.00,99.00,1.00
2026-05-02T23:29:00Z,1.00,1.00,1.00,1.00,99.00,1.00
2026-05-02T23:30:00Z,1.00,1.00,1.00,1.00,99.00,1.00
2026-05-02T23:35:00Z,1.00,1.00,1.00,1.00,99.00,1.00
2026-05-02T23:36:00Z,1.00,1.00,1.00,1.00,99.00,1.00
2026-05-02T23:37:00Z,1.00,1.00,1.00,1.00,99.00,1.00
2026-05-02T23:42:00Z,1.00,1.00,1.00,1.00,99.00,1.00
2026-05-02T23:43:00Z,1.00,1.00,1.00,1.00,99.00,1.00
2026-05-02T23:44:00Z,1.00,1.00,1.00,1.00,99.00,1.00
2026-05-02T23:47:00Z,1.00,1.00,1.00,1.00,99.00,1.00
2026-05-02T23:49:00Z,1.00,1.00,1.00,1.00,99.00,1.00
2026-05-02T23:50:00Z,1.00,1.00,1.00,1.00,99.00,1.00
2026-05-02T23:51:00Z,1.00,1.00,1.00,1.00,99.00,1.00
2026-05-02T23:52:00Z,1.00,1.00,1.00,1.00,99.00,1.00
2026-05-02T23:56:00Z,1.00,1.00,1.00,1.00,99.00,1.00
2026-05-02T23:58:00Z,1.00,1.00,1.00,1.00,99.00,1.00
2026-05-03T00:06:00Z,1.00,1.00,1.00,1.00,99.00,1.00
2026-05-03T00:09:00Z,1.00,1.00,1.00,1.00,99.00,1.00
2026-05-03T00:12:00Z,1.00,1.00,1.00,1.00,99.00,1.00
2026-05-03T00:14:00Z,1.00,1.00,1.00,1.00,99.00,1.00
2026-05-03T00:16:00Z,1.00,1.00,1.00,1.00,99.00,1.00
2026-05-03T00:27:00Z,1.00,1.00,1.00,1.00,99.00,1.00
2026-05-03T00:30:00Z,1.00,1.00,1.00,1.00,99.00,1.00
2026-05-03T00:31:00Z,1.00,1.00,1.00,1.00,99.00,1.00
2026-05-03T00:32:00Z,1.00,1.00,1.00,1.00,99.00,1.00
2026-05-03T00:36:00Z,1.00,1.00,1.00,1.00,99.00,1.00
2026-05-03T00:37:00Z,1.00,1.00,1.00,1.00,99.00,1.00
2026-05-03T00:39:00Z,1.00,1.00,1.00,1.00,99.00,1.00
2026-05-03T00:42:00Z,1.00,1.00,1.00,1.00,99.00,1.00
2026-05-03T00:44:00Z,1.00,1.00,1.00,1.00,99.00,1.00
2026-05-03T00:46:00Z,1.00,1.00,1.00,1.00,99.00,1.00
2026-05-03T00:47:00Z,1.00,1.00,1.00,1.00,99.00,1.00
2026-05-03T00:51:00Z,1.00,1.00,1.00,1.00,99.00,1.00
2026-05-03T00:56:00Z,1.00,1.00,1.00,1.00,99.00,1.00
2026-05-03T00:57:00Z,1.00,1.00,1.00,1.00,99.00,1.00
2026-05-03T01:00:00Z,1.00,1.00,1.00,1.00,99.00,1.00
2026-05-03T01:01:00Z,1.00,1.00,1.00,1.00,99.00,1.00
2026-05-03T01:02:00Z,1.00,1.00,1.00,1.00,99.00,1.00
2026-05-03T01:03:00Z,1.00,1.00,1.00,1.00,99.00,1.00
2026-05-03T01:06:00Z,1.00,1.00,1.00,1.00,99.00,1.00
2026-05-03T01:09:00Z,1.00,1.00,1.00,1.00,99.00,1.00
2026-05-03T01:11:00Z,1.00,1.00,1.00,1.00,99.00,1.00
2026-05-03T01:14:00Z,1.00,1.00,1.00,1.00,99.00,1.00
2026-05-03T01:16:00Z,1.00,1.00,1.00,1.00,99.00,1.00
2026-05-03T01:17:00Z,1.00,1.00,1.00,1.00,99.00,1.00
2026-05-03T01:18:00Z,1.00,1.00,1.00,1.00,99.00,1.00
2026-05-03T01:24:00Z,1.00,1.00,1.00,1.00,99.00,1.00
2026-05-03T01:25:00Z,1.00,1.00,1.00,1.00,99.00,1.00
2026-05-03T01:37:00Z,1.00,1.00,1.00,1.00,99.00,1.00
2026-05-03T01:41:00Z,1.00,1.00,1.00,1.00,99.00,1.00
2026-05-03T01:47:00Z,1.00,1.00,1.00,1.00,99.00,1.00
2026-05-03T01:49:00Z,1.00,1.00,1.00,1.00,99.00,1.00
2026-05-03T01:50:00Z,1.00,1.00,1.00,1.00,99.00,1.00
2026-05-03T01:54:00Z,1.00,1.00,1.00,1.00,99.00,1.00
2026-05-03T01:56:00Z,1.00,1.00,1.00,1.00,99.00,1.00
2026-05-03T01:59:00Z,1.00,1.00,1.00,1.00,99.00,1.00
2026-05-03T02:00:00Z,1.00,1.00,1.00,1.00,99.00,1.00
2026-05-03T02:02:00Z,1.00,1.00,1.00,1.00,99.00,1.00
2026-05-03T02:04:00Z,1.00,1.00,1.00,1.00,99.00,1.00
2026-05-03T02:12:00Z,1.00,1.00,1.00,1.00,99.00,1.00
2026-05-03T02:14:00Z,1.00,1.00,1.00,1.00,99.00,1.00
2026-05-03T02:20:00Z,1.00,1.00,1.00,1.00,99.00,1.00
2026-05-03T02:23:00Z,1.00,1.00,1.00,1.00,99.00,1.00
2026-05-03T02:27:00Z,1.00,1.00,1.00,1.00,99.00,1.00
2026-05-03T02:30:00Z,1.00,1.00,1.00,1.00,99.00,1.00
2026-05-03T02:31:00Z,1.00,1.00,1.00,1.00,99.00,1.00
2026-05-03T02:33:00Z,1.00,1.00,1.00,1.00,99.00,1.00
2026-05-03T02:35:00Z,1.00,1.00,1.00,1.00,99.00,1.00
2026-05-03T02:36:00Z,1.00,1.00,1.00,1.00,99.00,1.00
2026-05-03T02:37:00Z,1.00,1.00,1.00,1.00,99.00,1.00
2026-05-03T02:38:00Z,1.00,1.00,1.00,1.00,99.00,1.00
2026-05-03T02:44:00Z,1.00,1.00,1.00,1.00,99.00,1.00
2026-05-03T02:45:00Z,1.00,1.00,1.00,1.00,99.00,1.00
2026-05-03T02:46:00Z,1.00,1.00,1.00,1.00,99.00,1.00
2026-05-03T02:47:00Z,1.00,1.00,1.00,1.00,99.00,1.00
2026-05-03T02:48:00Z,1.00,1.00,1.00,1.00,99.00,1.00
2026-05-03T02:49:00Z,1.00,1.00,1.00,1.00,99.00,1.00
2026-05-03T02:52:00Z,1.00,1.00,1.00,1.00,99.00,1.00
2026-05-03T02:57:00Z,1.00,1.00,1.00,1.00,99.00,1.00
2026-05-03T03:04:00Z,1.00,1.00,1.00,1.00,99.00,1.00
2026-05-03T03:08:00Z,1.00,1.00,1.00,1.00,99.00,1.00
2026-05-03T03:10:00Z,1.00,1.00,1.00,1.00,99.00,1.00
2026-05-03T03:17:00Z,1.00,1.00,1.00,1.00,99.00,1.00
2026-05-03T03:19:00Z,1.00,1.00,1.00,1.00,99.00,1.00
2026-05-03T03:21:00Z,1.00,1.00,1.00,1.00,99.00,1.00
2026-05-03T03:23:00Z,1.00,1.00,1.00,1.00,99.00,1.00
2026-05-03T03:31:00Z,1.00,1.00,1.00,1.00,99.00,1.00
2026-05-03T03:34:00Z,1.00,1.00,1.00,1.00,99.00,1.00
2026-05-03T03:38:00Z,1.00,1.00,1.00,1.00,99.00,1.00
2026-05-03T03:40:00Z,1.00,1.00,1.00,1.00,99.00,1.00
2026-05-03T03:41:00Z,1.00,1.00,1.00,1.00,99.00,1.00
2026-05-03T03:42:00Z,1.00,1.00,1.00,1.00,99.00,1.00
2026-05-03T03:46:00Z,1.00,1.00,1.00,1.00,99.00,1.00
2026-05-03T03:47:00Z,1.00,1.00,1.00,1.00,99.00,1.00
2026-05-03T03:49:00Z,1.00,1.00,1.00,1.00,99.00,1.00
2026-05-03T03:52:00Z,1.00,1.00,1.00,1.00,99.00,1.00
2026-05-03T03:54:00Z,1.00,1.00,1.00,1.00,99.00,1.00
2026-05-03T03:58:00Z,1.00,1.00,1.00,1.00,99.00,1.00
2026-05-03T04:03:00Z,1.00,1.00,1.00,1.00,99.00,1.00
2026-05-03T04:07:00Z,1.00,1.00,1.00,1.00,99.00,1.00
2026-05-03T04:08:00Z,1.00,1.00,1.00,1.00,99.00,1.00
2026-05-03T04:09:00Z,1.00,1.00,1.00,1.00,99.00,1.00
2026-05-03T04:10:00Z,1.00,1.00,1.00,1.00,99.00,1.00
2026-05-03T04:17:00Z,1.00,1.00,1.00,1.00,99.00,1.00
2026-05-03T04:27:00Z,1.00,1.00,1.00,1.00,99.00,1.00
2026-05-03T04:30:00Z,1.00,1.00,1.00,1.00,99.00,1.00
2026-05-03T04:32:00Z,1.00,1.00,1.00,1.00,99.00,1.00
2026-05-03T04:35:00Z,1.00,1.00,1.00,1.00,99.00,1.00
2026-05-03T04:36:00Z,1.00,1.00,1.00,1.00,99.00,1.00
2026-05-03T04:37:00Z,1.00,1.00,1.00,1.00,99.00,1.00
2026-05-03T04:42:00Z,1.00,1.00,1.00,1.00,99.00,1.00
2026-05-03T04:45:00Z,1.00,1.00,1.00,1.00,99.00,1.00
2026-05-03T04:54:00Z,1.00,1.00,1.00,1.00,99.00,1.00
2026-05-03T04:55:00Z,1.00,1.00,1.00,1.00,99.00,1.00
2026-05-03T04:59:00Z,1.00,1.00,1.00,1.00,99.00,1.00